-- MySQL dump 10.13  Distrib 8.0.36, for Win64 (x86_64)
--
-- Host: localhost    Database: test
-- ------------------------------------------------------
-- Server version	8.0.36

/*!40101 SET @OLD_CHARACTER_SET_CLIENT=@@CHARACTER_SET_CLIENT */;
/*!40101 SET @OLD_CHARACTER_SET_RESULTS=@@CHARACTER_SET_RESULTS */;
/*!40101 SET @OLD_COLLATION_CONNECTION=@@COLLATION_CONNECTION */;
/*!50503 SET NAMES utf8mb4 */;
/*!40103 SET @OLD_TIME_ZONE=@@TIME_ZONE */;
/*!40103 SET TIME_ZONE='+00:00' */;
/*!40014 SET @OLD_UNIQUE_CHECKS=@@UNIQUE_CHECKS, UNIQUE_CHECKS=0 */;
/*!40014 SET @OLD_FOREIGN_KEY_CHECKS=@@FOREIGN_KEY_CHECKS, FOREIGN_KEY_CHECKS=0 */;
/*!40101 SET @OLD_SQL_MODE=@@SQL_MODE, SQL_MODE='NO_AUTO_VALUE_ON_ZERO' */;
/*!40111 SET @OLD_SQL_NOTES=@@SQL_NOTES, SQL_NOTES=0 */;

--
-- Table structure for table `apscheduler_jobs`
--

DROP TABLE IF EXISTS `apscheduler_jobs`;
/*!40101 SET @saved_cs_client     = @@character_set_client */;
/*!50503 SET character_set_client = utf8mb4 */;
CREATE TABLE `apscheduler_jobs` (
  `id` varchar(191) NOT NULL,
  `next_run_time` double DEFAULT NULL,
  `job_state` blob NOT NULL,
  PRIMARY KEY (`id`),
  KEY `ix_apscheduler_jobs_next_run_time` (`next_run_time`)
) ENGINE=InnoDB DEFAULT CHARSET=utf8mb4 COLLATE=utf8mb4_0900_ai_ci;
/*!40101 SET character_set_client = @saved_cs_client */;

--
-- Dumping data for table `apscheduler_jobs`
--

LOCK TABLES `apscheduler_jobs` WRITE;
/*!40000 ALTER TABLE `apscheduler_jobs` DISABLE KEYS */;
/*!40000 ALTER TABLE `apscheduler_jobs` ENABLE KEYS */;
UNLOCK TABLES;

--
-- Table structure for table `detection_task`
--

DROP TABLE IF EXISTS `detection_task`;
/*!40101 SET @saved_cs_client     = @@character_set_client */;
/*!50503 SET character_set_client = utf8mb4 */;
CREATE TABLE `detection_task` (
  `task_id` bigint NOT NULL AUTO_INCREMENT,
  `update_by` varchar(100) CHARACTER SET utf8mb4 COLLATE utf8mb4_0900_ai_ci DEFAULT NULL COMMENT '更新者',
  `update_time` datetime DEFAULT NULL COMMENT '更新时间',
  `create_by` varchar(100) CHARACTER SET utf8mb4 COLLATE utf8mb4_0900_ai_ci DEFAULT NULL COMMENT '创建者',
  `create_time` datetime DEFAULT NULL COMMENT '创建时间',
  `task_status` tinyint(1) NOT NULL,
  `user_id` bigint NOT NULL,
  `news_id` bigint NOT NULL,
  `task_result` text,
  `is_fake` tinyint(1) DEFAULT NULL,
  PRIMARY KEY (`task_id`),
  KEY `detection_task_sys_user_FK` (`user_id`),
  KEY `detection_task_news_info_FK` (`news_id`),
  CONSTRAINT `detection_task_news_info_FK` FOREIGN KEY (`news_id`) REFERENCES `news_info` (`news_id`) ON DELETE CASCADE ON UPDATE CASCADE,
  CONSTRAINT `detection_task_sys_user_FK` FOREIGN KEY (`user_id`) REFERENCES `sys_user` (`user_id`) ON DELETE CASCADE ON UPDATE CASCADE
) ENGINE=InnoDB AUTO_INCREMENT=6 DEFAULT CHARSET=utf8mb4 COLLATE=utf8mb4_0900_ai_ci;
/*!40101 SET character_set_client = @saved_cs_client */;

--
-- Dumping data for table `detection_task`
--

LOCK TABLES `detection_task` WRITE;
/*!40000 ALTER TABLE `detection_task` DISABLE KEYS */;
/*!40000 ALTER TABLE `detection_task` ENABLE KEYS */;
UNLOCK TABLES;

--
-- Table structure for table `gen_table`
--

DROP TABLE IF EXISTS `gen_table`;
/*!40101 SET @saved_cs_client     = @@character_set_client */;
/*!50503 SET character_set_client = utf8mb4 */;
CREATE TABLE `gen_table` (
  `table_id` bigint NOT NULL AUTO_INCREMENT COMMENT '编号',
  `table_name` varchar(200) DEFAULT '' COMMENT '表名称',
  `table_comment` varchar(500) DEFAULT '' COMMENT '表描述',
  `sub_table_name` varchar(64) DEFAULT NULL COMMENT '关联子表的表名',
  `sub_table_fk_name` varchar(64) DEFAULT NULL COMMENT '子表关联的外键名',
  `class_name` varchar(100) DEFAULT '' COMMENT '实体类名称',
  `tpl_category` varchar(200) DEFAULT 'crud' COMMENT '使用的模板（crud单表操作 tree树表操作）',
  `tpl_web_type` varchar(30) DEFAULT '' COMMENT '前端模板类型（element-ui模版 element-plus模版）',
  `package_name` varchar(100) DEFAULT NULL COMMENT '生成包路径',
  `module_name` varchar(30) DEFAULT NULL COMMENT '生成模块名',
  `business_name` varchar(30) DEFAULT NULL COMMENT '生成业务名',
  `function_name` varchar(50) DEFAULT NULL COMMENT '生成功能名',
  `function_author` varchar(50) DEFAULT NULL COMMENT '生成功能作者',
  `gen_type` char(1) DEFAULT '0' COMMENT '生成代码方式（0zip压缩包 1自定义路径）',
  `gen_path` varchar(200) DEFAULT '/' COMMENT '生成路径（不填默认项目路径）',
  `options` varchar(1000) DEFAULT NULL COMMENT '其它生成选项',
  `create_by` varchar(64) DEFAULT '' COMMENT '创建者',
  `create_time` datetime DEFAULT NULL COMMENT '创建时间',
  `update_by` varchar(64) DEFAULT '' COMMENT '更新者',
  `update_time` datetime DEFAULT NULL COMMENT '更新时间',
  `remark` varchar(500) DEFAULT NULL COMMENT '备注',
  PRIMARY KEY (`table_id`)
) ENGINE=InnoDB AUTO_INCREMENT=3 DEFAULT CHARSET=utf8mb4 COLLATE=utf8mb4_0900_ai_ci COMMENT='代码生成业务表';
/*!40101 SET character_set_client = @saved_cs_client */;

--
-- Dumping data for table `gen_table`
--

LOCK TABLES `gen_table` WRITE;
/*!40000 ALTER TABLE `gen_table` DISABLE KEYS */;
INSERT INTO `gen_table` VALUES (1,'news_info','新闻信息',NULL,NULL,'NewsInfo','crud','element-plus','module_news','news','news_info','新闻信息','insistence','0','/','{\"treeCode\": null, \"treeParentCode\": null, \"treeName\": null, \"parentMenuId\": null}','admin','2025-03-06 09:09:17','admin','2025-03-06 17:02:58',NULL),(2,'news_img','',NULL,NULL,'NewsImg','crud','','module_admin.system','system','img','','insistence','0','/',NULL,'admin','2025-03-06 16:56:32','admin','2025-03-06 16:56:32',NULL);
/*!40000 ALTER TABLE `gen_table` ENABLE KEYS */;
UNLOCK TABLES;

--
-- Table structure for table `gen_table_column`
--

DROP TABLE IF EXISTS `gen_table_column`;
/*!40101 SET @saved_cs_client     = @@character_set_client */;
/*!50503 SET character_set_client = utf8mb4 */;
CREATE TABLE `gen_table_column` (
  `column_id` bigint NOT NULL AUTO_INCREMENT COMMENT '编号',
  `table_id` bigint DEFAULT NULL COMMENT '归属表编号',
  `column_name` varchar(200) DEFAULT NULL COMMENT '列名称',
  `column_comment` varchar(500) DEFAULT NULL COMMENT '列描述',
  `column_type` varchar(100) DEFAULT NULL COMMENT '列类型',
  `python_type` varchar(500) DEFAULT NULL COMMENT 'PYTHON类型',
  `python_field` varchar(200) DEFAULT NULL COMMENT 'PYTHON字段名',
  `is_pk` char(1) DEFAULT NULL COMMENT '是否主键（1是）',
  `is_increment` char(1) DEFAULT NULL COMMENT '是否自增（1是）',
  `is_required` char(1) DEFAULT NULL COMMENT '是否必填（1是）',
  `is_unique` char(1) DEFAULT NULL COMMENT '是否唯一（1是）',
  `is_insert` char(1) DEFAULT NULL COMMENT '是否为插入字段（1是）',
  `is_edit` char(1) DEFAULT NULL COMMENT '是否编辑字段（1是）',
  `is_list` char(1) DEFAULT NULL COMMENT '是否列表字段（1是）',
  `is_query` char(1) DEFAULT NULL COMMENT '是否查询字段（1是）',
  `query_type` varchar(200) DEFAULT 'EQ' COMMENT '查询方式（等于、不等于、大于、小于、范围）',
  `html_type` varchar(200) DEFAULT NULL COMMENT '显示类型（文本框、文本域、下拉框、复选框、单选框、日期控件）',
  `dict_type` varchar(200) DEFAULT '' COMMENT '字典类型',
  `sort` int DEFAULT NULL COMMENT '排序',
  `create_by` varchar(64) DEFAULT '' COMMENT '创建者',
  `create_time` datetime DEFAULT NULL COMMENT '创建时间',
  `update_by` varchar(64) DEFAULT '' COMMENT '更新者',
  `update_time` datetime DEFAULT NULL COMMENT '更新时间',
  PRIMARY KEY (`column_id`)
) ENGINE=InnoDB AUTO_INCREMENT=16 DEFAULT CHARSET=utf8mb4 COLLATE=utf8mb4_0900_ai_ci COMMENT='代码生成业务表字段';
/*!40101 SET character_set_client = @saved_cs_client */;

--
-- Dumping data for table `gen_table_column`
--

LOCK TABLES `gen_table_column` WRITE;
/*!40000 ALTER TABLE `gen_table_column` DISABLE KEYS */;
INSERT INTO `gen_table_column` VALUES (1,1,'news_id','新闻编号','bigint','int','newsId','1','1','0','0','1',NULL,NULL,NULL,'EQ','input',NULL,1,'admin','2025-03-06 16:56:20','admin','2025-03-06 17:02:58'),(2,1,'news_content','新闻内容','text','str','newsContent','0','0','0',NULL,'1','1','1','1','EQ','editor',NULL,2,'admin','2025-03-06 16:56:20','admin','2025-03-06 17:02:58'),(3,1,'user_id','用户编号','bigint','int','userId','0','0','1',NULL,'1','1','1','1','EQ','input',NULL,3,'admin','2025-03-06 16:56:20','admin','2025-03-06 17:02:58'),(5,1,'news_title','新闻标题','text','str','newsTitle','0','0','0',NULL,'1','1','1','1','EQ','textarea',NULL,4,'admin','2025-03-06 16:56:20','admin','2025-03-06 17:02:58'),(6,1,'update_by','更新者','varchar(100)','str','updateBy','0','0','0',NULL,'1','1',NULL,NULL,'EQ','input',NULL,5,'admin','2025-03-06 16:56:20','admin','2025-03-06 17:02:58'),(7,1,'update_time','更新时间','datetime','datetime','updateTime','0','0','0',NULL,'1','1',NULL,NULL,'EQ','datetime',NULL,6,'admin','2025-03-06 16:56:20','admin','2025-03-06 17:02:58'),(8,1,'create_by','创建者','varchar(100)','str','createBy','0','0','0',NULL,'1',NULL,NULL,NULL,'EQ','input',NULL,7,'admin','2025-03-06 16:56:20','admin','2025-03-06 17:02:58'),(9,1,'create_time','创建时间','datetime','datetime','createTime','0','0','0',NULL,'1',NULL,NULL,NULL,'EQ','datetime',NULL,8,'admin','2025-03-06 16:56:20','admin','2025-03-06 17:02:58'),(10,1,'publish_time','发布时间','datetime','datetime','publishTime','0','0','0',NULL,'1','1','1','0','EQ','datetime','',9,'admin','2025-03-06 16:56:20','admin','2025-03-06 17:02:58'),(11,1,'platform','平台','varchar(100)','str','platform','0','0','0',NULL,'1','1','1','0','EQ','input','',10,'admin','2025-03-06 16:56:20','admin','2025-03-06 17:02:58'),(12,1,'hash_tag','类别','varchar(100)','str','hashTag','0','0','0',NULL,'1','1','1','0','EQ','input','',11,'admin','2025-03-06 16:56:20','admin','2025-03-06 17:02:58'),(13,1,'url','链接','varchar(100)','str','url','0','0','0',NULL,'1','1','1','0','EQ','input','',12,'admin','2025-03-06 16:56:20','admin','2025-03-06 17:02:58'),(14,2,'url','地址','varchar(100)','str','url','1','0','0',NULL,'1',NULL,NULL,NULL,'EQ','input','',1,'admin','2025-03-06 16:56:32','admin','2025-03-06 16:56:32'),(15,2,'news_id','新闻编码','bigint','int','newsId','0','0','0',NULL,'1','1','1','1','EQ','input','',2,'admin','2025-03-06 16:56:32','admin','2025-03-06 16:56:32');
/*!40000 ALTER TABLE `gen_table_column` ENABLE KEYS */;
UNLOCK TABLES;

--
-- Table structure for table `news_img`
--

DROP TABLE IF EXISTS `news_img`;
/*!40101 SET @saved_cs_client     = @@character_set_client */;
/*!50503 SET character_set_client = utf8mb4 */;
CREATE TABLE `news_img` (
  `url` varchar(100) NOT NULL COMMENT '地址',
  `news_id` bigint DEFAULT NULL COMMENT '新闻编码',
  PRIMARY KEY (`url`),
  KEY `news_img_news_info_FK` (`news_id`),
  CONSTRAINT `news_img_news_info_FK` FOREIGN KEY (`news_id`) REFERENCES `news_info` (`news_id`) ON DELETE CASCADE ON UPDATE CASCADE
) ENGINE=InnoDB DEFAULT CHARSET=utf8mb4 COLLATE=utf8mb4_0900_ai_ci;
/*!40101 SET character_set_client = @saved_cs_client */;

--
-- Dumping data for table `news_img`
--

LOCK TABLES `news_img` WRITE;
/*!40000 ALTER TABLE `news_img` DISABLE KEYS */;
/*!40000 ALTER TABLE `news_img` ENABLE KEYS */;
UNLOCK TABLES;

--
-- Table structure for table `news_info`
--

DROP TABLE IF EXISTS `news_info`;
/*!40101 SET @saved_cs_client     = @@character_set_client */;
/*!50503 SET character_set_client = utf8mb4 */;
CREATE TABLE `news_info` (
  `news_id` bigint NOT NULL AUTO_INCREMENT COMMENT '新闻编号',
  `news_content` text CHARACTER SET utf8mb4 COLLATE utf8mb4_0900_ai_ci COMMENT '新闻内容',
  `user_id` bigint NOT NULL COMMENT '用户编号',
  `news_title` text CHARACTER SET utf8mb4 COLLATE utf8mb4_0900_ai_ci COMMENT '新闻标题',
  `update_by` varchar(100) CHARACTER SET utf8mb4 COLLATE utf8mb4_0900_ai_ci DEFAULT NULL COMMENT '更新者',
  `update_time` datetime DEFAULT NULL COMMENT '更新时间',
  `create_by` varchar(100) CHARACTER SET utf8mb4 COLLATE utf8mb4_0900_ai_ci DEFAULT NULL COMMENT '创建者',
  `create_time` datetime DEFAULT NULL COMMENT '创建时间',
  `publish_time` datetime DEFAULT NULL COMMENT '发布时间',
  `platform` varchar(100) DEFAULT NULL COMMENT '平台',
  `hash_tag` varchar(100) DEFAULT NULL COMMENT '类别',
  `url` varchar(100) DEFAULT NULL COMMENT '链接',
  PRIMARY KEY (`news_id`),
  KEY `news_info_sys_user_FK` (`user_id`),
  CONSTRAINT `news_info_sys_user_FK` FOREIGN KEY (`user_id`) REFERENCES `sys_user` (`user_id`) ON DELETE CASCADE ON UPDATE CASCADE
) ENGINE=InnoDB AUTO_INCREMENT=118 DEFAULT CHARSET=utf8mb4 COLLATE=utf8mb4_0900_ai_ci COMMENT='新闻信息';
/*!40101 SET character_set_client = @saved_cs_client */;

--
-- Dumping data for table `news_info`
--

LOCK TABLES `news_info` WRITE;
/*!40000 ALTER TABLE `news_info` DISABLE KEYS */;
INSERT INTO `news_info` VALUES (113,'<p>天文台在下午4時20分發出寒冷天氣警告。天文台預測本港今晚及明早天氣寒冷。市區最低氣溫約在12度左右，新界再低一兩度。市民應注意保暖，多穿禦寒衣物，並應保持室內空氣流通。市民亦應避免長時間置身在寒風中，以免著涼而影響健康。如認識獨居的長者或慢性病患者，可致電或探訪他們，了解是否需要提供幫助。</p><p>天文台表示，東北季候風正影響華南沿岸，而一道廣闊雲帶亦為該區帶來幾陣雨。下午本港氣溫普遍較昨日低4至5度。本港今晚及明早雨勢較為頻密，天氣寒冷，市區最低氣溫約12度，新界再低一兩度。日間最高氣溫約15度。吹和緩至清勁北至東北風，晚間高地間中吹強風。星期六早上氣溫仍然較低。下周初氣溫逐漸回升，天色較為明朗。下週中期漸轉潮濕有霧，日間溫暖。</p><p><br></p><p><img src=\"https://cdn.hk01.com/di/media/images/dw/20250306/974319123754389504605239.jpeg/dUMx303Q-eVjb9ZsJCiU95dkg9bpVuDxIT9XaSE_V2k?v=w1920\" alt=\"受東北季候風影響，天文台表示，今早(6日)本港顯著較涼。料今晚氣温進一步下降。(夏家朗攝)\" height=\"3648\" width=\"5472\"></p><p>受東北季候風影響，天文台表示，今早(6日)本港顯著較涼。料今晚氣温進一步下降。(夏家朗攝)</p><p>▼天文台九天天氣預報▼</p><p><br></p><p><img src=\"https://cdn.hk01.com/di/media/images/dw/20250306/974284589281316864602135.png/dJb9e4NyY2hF5Xt34cilTMJimb18h_lkGnTEOBp0xDg?v=w1920\" alt=\"天文台3月6日11 時30分預報未來九天天氣。(天文台網頁截圖)\" height=\"144\" width=\"625\"></p><p>天文台3月6日11 時30分預報未來九天天氣。(天文台網頁截圖)</p><p>天文台於今早(6 日)早上8時57分發出特別天氣提示，指一股東北季候風正影響華南沿岸，一道廣闊雲帶亦為廣東帶來幾陣雨。本港今早市區相當清涼，新界寒冷，多區氣溫下降至12度或以下。預料今晚及明早氣溫會進一步下降，市民請留意天氣變化，注意保暖，並關顧長者及慢性病患者。</p><p><br></p><p>▼3月6日　早上相當清涼，多區氣温下降至12度或以下▼</p><p><img src=\"https://cdn.hk01.com/di/media/images/dw/20250306/974319447340748800637859.jpeg/rqGB3oTba8kwMvJntXqx7zypCq8oDpbLtEG1NK1BtTQ?v=w1920\" alt=\"東北季候風影響，今早(6日)本港顯著較涼，天文台表示大部分地區氣溫較昨日低6度左右。(夏家朗攝)\"></p><p><img src=\"https://cdn.hk01.com/di/media/images/dw/20250306/974319450247532544156039.jpeg/6GwuriiPpFjRFa73bQDjTFqdFWiUjE2MLLL5lTWy-ZU?v=w1920\" alt=\"東北季候風影響，今早(6日)本港顯著較涼，天文台表示大部分地區氣溫較昨日低6度左右。(夏家朗攝)\"></p><p><img src=\"https://cdn.hk01.com/di/media/images/dw/20250306/974319452864909312895342.jpeg/eaEmxT8KF0srWR1N80vRQg4c6oC2r5V9ogc3NrsHNzY?v=w1920\" alt=\"東北季候風影響，今早(6日)本港顯著較涼，天文台表示大部分地區氣溫較昨日低6度左右。(夏家朗攝)\"></p><p><img src=\"https://cdn.hk01.com/di/media/images/dw/20250306/974319455616503808204158.jpeg/sc8PDMSowzpWip3O6y0Wf_zKD7RDU_XxbElli3VJZYs?v=w1920\" alt=\"東北季候風影響，今早(6日)本港顯著較涼，天文台表示大部分地區氣溫較昨日低6度左右。(夏家朗攝)\"></p><p><img src=\"https://cdn.hk01.com/di/media/images/dw/20250306/974319458317766656319568.jpeg/egym_EuYQdYoHxXkzTFt3xlxzP35l1xjXDqAu0U6gLs?v=w1920\" alt=\"東北季候風影響，今早(6日)本港顯著較涼，天文台表示大部分地區氣溫較昨日低6度左右。(夏家朗攝)\"></p><p>+1</p><h3>三高地今早錄得10度以下氣温　昂坪低至7.5度</h3><p>截至早上10時半，天文台在三個高地錄得10度或以下氣溫，當中昂坪7.5度為最低，其次大帽山7.9度、大老山8.2度。另18個地方錄得10至12度，當中荃灣可觀低見10度，山頂最低10.5，向來較凍的北區大隴、打鼓嶺及石崗分別有10.6、10.7及10.9度；上水、屯門、沙田及九龍城也在11至12度之間，天文台總部錄得13.2度，較預測最低14度低一度。</p><p><img src=\"https://cdn.hk01.com/di/media/images/dw/20250306/974268961942147072804253.png/lvgtp-nFiM-YmbSZ7D3PIEDQEcH3rE1qI62POyOtjzs?v=w1920\" alt=\"3月6日截至早上10時半各區錄得的最低氣溫。(天文台圖片)\" height=\"515\" width=\"761\"></p><p>3月6日截至早上10時半各區錄得的最低氣溫。(天文台圖片)</p><p>原文網址: 寒冷天氣警告｜天文台預測今晚及明早市區約12度　新界再低一兩度 | 香港01 </p>',1,'寒冷天氣警告｜天文台預測今晚及明早市區約12度　新界再低一兩度','admin','2025-03-07 08:45:16','admin','2025-03-07 08:41:10','2025-03-06 00:00:00','香港01','天气','https://www.hk01.com'),(114,'<p>萬科香港旗下大埔馬窩路住宅項目Le Mont 上然今日（6日）公佈首張價單，首批提供81伙，戶型涵蓋開放式至四房，入場開放式238萬元起，呎價9,193元起。值得留意的是，價單特別提供一「家」一付款計劃，購買三房及四房買家當同時選擇加購開放式單位時，三房買家額外享140萬元折實樓價折扣，而四房買家則享150萬元折實樓價折扣。</p><p>因此按入場開放式單位計算，折實價最低會變為88萬元。整張價單折實均呎價為11,036元，若計算一家一付款計劃在內，折實均價為10,688元。是次上然首批的折實平均呎價，為2014年10月長實大埔鳳園嵐山II（折實均價8,667元）後逾十年新低。</p><p><br></p><p>萬科香港董事總經理周銘禧表示，是次定價參考了東鐵沿線新盤，考慮市況後，定價有提供折讓，希望吸引買家入市。由於是次為項目的首張價單，因此形容口價位「上然起動價」，加上區內少有新盤供應，未來將有提價空間。</p><p>首批提供81伙，戶型涵蓋開放式至四房，包括8伙開放式，30伙一房及35伙兩房、6伙三房及2伙四房，實用面積239至873平方呎。價單定價為283萬元至1,207.3萬元，呎價10,943至14,960元起，扣除最高 16%折扣後，折實售價由238萬至1,012.4萬元起，呎價9,123至12,568元起。</p><p><img src=\"https://cdn.hk01.com/di/media/images/dw/20250306/974338389874708480381265.jpeg/bqlsJnO6Ly7S4F7CW8ano-VjqTGGR1oPpgNBrKYDQaw?v=w1920\"></p><p><img src=\"https://cdn.hk01.com/di/media/images/dw/20250306/974338387613847552247165.jpeg/9tIbOV4upRBRutAim-IGqEl-oEJDHImaVTOJbVUziW0?v=w1920\"></p><p><br></p><p><br></p><h3>採1「家」1付款計劃加購開放式戶　折實最平88萬</h3><p>首批最平入場單位為第2座2樓B7室，屬開放式戶，實用面積248平方呎，折實售價238萬元，折實呎價9,597元。不過發展商指出，購買四房單位的買家，<strong>可採用1「家」1付款計劃</strong>，加購開放式單位並可享特別折扣，扣除折扣後開放式戶的售價僅為88萬元。</p><p>周銘禧表示，由於區內有許多分支家庭及換樓客，買家們亦傾向及希望可以住近家人，因此特別推出<strong>1「家」1付款計劃</strong>，幫助他們與親人同住。</p><p><img src=\"https://cdn.hk01.com/di/media/images/dw/20250306/974335351344599040179530.jpeg/gCGEYEAuNeMMKIbP58OhnXU0UWTktE1LZc9LOVDPSzk?v=w1920\" alt=\"（李明珠攝）\" height=\"960\" width=\"1280\"></p><p>（李明珠攝）</p><p><br></p><p>至於其他戶型，最平一房戶為第2座1樓A7室，實用面積310平方呎，折實價299.9萬元，呎價9,674元；兩房戶最平則為第2座1樓B5室，實用面積435平方呎，折實價399.9萬元，呎價9,193元。</p><p>中大型單位方面，三房戶最平為第2座1樓D1室，實用面積654平方呎，折實價699.9萬元，呎價10,702元；四房戶最平為第2座2樓A1室，實用面積873平方呎，折實價988.8萬元，呎價11,326元。</p><p><img src=\"https://cdn.hk01.com/di/media/images/dw/20250306/974335426443612160043782.jpeg/7yYyYueD2WgntVTqxSGv1GW5JX2OcbyV5nF7otNxe6I?v=w1920\" alt=\"（李明珠攝）\"></p><p><img src=\"https://cdn.hk01.com/di/media/images/dw/20250306/974335428788359168896207.jpeg/X0vRIeaGxCMbtspUzA7fAIPi4eTO0geR4Gq-cNVqvnA?v=w1920\" alt=\"（李明珠攝）\"></p><p><img src=\"https://cdn.hk01.com/di/media/images/dw/20250306/974335431149883392453671.jpeg/6Qz_oYp21bBRwNIybvtmGIc7oZyhdzdyikmgf79JoH8?v=w1920\" alt=\"（李明珠攝）\"></p><p><img src=\"https://cdn.hk01.com/di/media/images/dw/20250306/974335432940982272210657.jpeg/DZ0ia08oVBxc1L1L3hrr_o2mbhA4e72Lh2rM8bJqzPE?v=w1920\" alt=\"（李明珠攝）\"></p><h3>大埔University Hill折實均價16288元</h3><p>由於項目附近近年沒有新盤推出，參考同屬大埔區的新盤，位於白石角的University Hill於去年4月推出，首批提供123伙，入場價437.2萬元，折實均價16288元。而同系的Silicon Hill則於2020年5月推出，首批116伙，入場價549.2萬元，折實均價17,498元。</p><p><img src=\"https://cdn.hk01.com/di/media/images/dw/20250306/974344384952668160261380.jpeg/4jE8wLGJS2kHctGdVWqSfxszM31LwTL0ZoL4bmaC-G4?v=w1920\" height=\"259\" width=\"763\"></p><p><br></p><p><img src=\"https://cdn.hk01.com/di/media/images/dw/20250306/974335490717126656601375.jpeg/hqA1dqgErOaXJo14yNoT_X7KBDMTjANw3luP2Otbj9g?v=w1920\" alt=\"（李明珠攝）\" height=\"960\" width=\"1280\"></p><p>（李明珠攝）</p><h3>第一期提供403伙</h3><p>項目第一期提供403伙，標準樓層最多一梯26伙。單位實用面積由214平方呎至961平方呎，戶型涵蓋開放式至四房。當中開放式涉25伙、一房涉佔131伙、兩房涉佔161伙、三房涉佔43伙、四房涉佔14伙，另設29伙平台及頂層天台特色戶。</p><p><br></p><h3>2020年7月斥37億奪地、每呎樓面地價4,738元</h3><p>翻查資料，萬科於2020年7月夥拍青建國際（1240）合組財團，以逾37.05億元投得地皮，以可建樓面面積78.19萬方呎計，每方呎樓面地價4,738元。</p><p><img src=\"https://cdn.hk01.com/di/media/images/dw/20250226/971438817284198400036257.jpeg/dziFhA3xzXwj20TFBceo9X5kOxGT_lQO7PMBPOzzATw?v=w1920\" alt=\"萬科香港旗下大埔馬窩路住宅項目Le Mont 上然。\" height=\"1805\" width=\"2707\"></p><p>萬科香港旗下大埔馬窩路住宅項目Le Mont 上然。</p><p><br></p>',1,'萬科大埔上然開價　開放式入場費238萬　終極折扣後折實變88萬','admin','2025-03-07 08:46:33','admin','2025-03-07 08:46:33','2025-03-06 00:00:00','香港01','财经','https://www.hk01.com/article/60217058?utm_source=01articlecopy&utm_medium=referral'),(117,'<p class=\"ql-align-justify\">【环球时报驻俄罗斯特约记者 方达 柳玉鹏 于文】据路透社援引开源地图的信息称，去年夏天突袭进入俄罗斯库尔斯克地区的乌克兰军队，目前“几乎全部被俄罗斯军队包围”。地图显示，过去3天，乌克兰军队在库尔斯克的战况急剧恶化，乌克兰军队被一分为二，主要补给线面临被切断危险。分析人士称，在库尔斯克的乌军面临艰难的选择：撤退或者被俘、被杀。俄罗斯军队发动袭击的方式更是令人咂舌。俄罗斯《莫斯科共青团员报》9日披露了一些细节：数百名俄特战队员潜伏在一条弃用的天然气管道中，行进了15公里，等待攻击时机，最终在8日从乌军后方发动了突袭。因为管道中仍存有甲烷，许多人因此中毒，一些人死亡。俄方称，这次“管道突袭”行动取得了成功。</p><p class=\"ql-align-justify\"><strong>“俄军潜伏在天然气管道中发动奇袭”</strong></p><p class=\"ql-align-justify\">路透社9日也报道了俄军这一行动。文章引述俄军事博主尤里·波多利亚卡的话称，俄罗斯特种部队潜伏在一条天然气管道内部，行进了数英里，其中一些人在管道中待了好几天，然后在苏贾附近出现，从后方袭击了乌克兰军队。俄罗斯媒体展示了其特种部队戴着防毒面具和灯具、沿着看起来像大管道的管壁内部行走的照片。</p><p class=\"ql-align-justify\">乌连戈伊-乌日哥罗德输气管道曾经将俄罗斯天然气经乌克兰输往欧洲，乌克兰今年1月1日起宣布停用该管道。路透社称，乌克兰总参谋部8日发表声明说，俄罗斯士兵通过天然气管道发动袭击，夺取了一个阵地，但乌克兰空降突击部队迅速发现了他们，并以火箭、大炮和无人机袭击作为回应，摧毁了俄罗斯部队。报道称，由于战场限制，路透社无法核实这些声明。</p><p class=\"ql-align-center\"><img src=\"https://nimg.ws.126.net/?url=http%3A%2F%2Fdingyue.ws.126.net%2F2025%2F0310%2F3dd81163j00ssvowx001hd000hs00afg.jpg&amp;thumbnail=660x2147483647&amp;quality=80&amp;type=jpg\"></p><p class=\"ql-align-justify\">这是俄罗斯国防部发布的照片。3月3日，俄库尔斯克州，俄军从乌军手中夺回苏贾北部的一个村庄 IC photo</p><p class=\"ql-align-justify\">多个信息源佐证了乌军在库尔斯克的困境。乌克兰权威军事博主“深层政府”的开源地图显示，俄罗斯境内3/4的乌克兰军队现在完全被包围。这些部队通过一条长约1公里、最窄处不到500米宽的陆地走廊与位于俄乌边境附近的剩余乌克兰部队连接，但俄罗斯军队正试图切断该走廊。芬兰黑鸟集团军事分析师帕西·帕罗伊宁对路透社说，“（库尔斯克的）乌军局势非常糟糕，现在距离乌军被包围或被迫撤退已经时日不多。撤退意味着要冒险，军队将不断受到俄罗斯无人机和火炮的威胁”。</p><p class=\"ql-align-justify\">《纽约时报》8日发自乌克兰的报道称，乌克兰士兵表示，俄军在凶猛的炮火和轰炸掩护下前进，已经压倒乌克兰的重要阵地。在该地区作战的乌克兰通信部队指挥官奥列克西在接受电话采访时说：“这是真的，我们无法阻止他们，他们把我们扫出去。”</p><p class=\"ql-align-justify\">俄罗斯《观点报》8日发表题为“俄军解放库尔斯克地区的最后行动即将到来”的报道。俄军事专家丹德金称，苏贾地区的乌军部队已经被包围。</p><p class=\"ql-align-justify\"><strong>乌克兰或失去“唯一筹码”</strong></p><p class=\"ql-align-justify\">据法新社报道，去年8月发动进攻后，乌克兰军队占领了俄罗斯库尔斯克地区约1300平方公里的土地。目前，约2/3的土地已被俄军夺回，乌军控制着约400平方公里的土地。关于目前在库尔斯克的乌军人数，有说法称约一万人，也有称数千人。俄罗斯国防部的最新数据称，在库尔斯克方向的战斗中，乌克兰总共损失65400名军事人员、386辆坦克、296辆步兵战车等装备。</p><p class=\"ql-align-center\"><img src=\"https://nimg.ws.126.net/?url=http%3A%2F%2Fdingyue.ws.126.net%2F2025%2F0310%2Fc5e0db20j00ssv65l007xd000i10092g.jpg&amp;thumbnail=660x2147483647&amp;quality=80&amp;type=jpg\"></p><p class=\"ql-align-center\"><br></p><p class=\"ql-align-justify\">俄军坦克在库尔斯克前进</p><p class=\"ql-align-justify\">许多西方媒体担心，在库尔斯克的惨败将对乌克兰造成重大打击。《纽约时报》称，如果乌克兰军队被包围或被迫撤退，对基辅来说将是一个重大挫折。攻入库尔斯克是鼓舞乌克兰军队士气也让俄罗斯感到尴尬的标志性行动，且占据俄罗斯领土，为乌克兰提供了在和平谈判中的重要筹码。在特朗普试图强行通过和解谈判之际，退出库尔斯克将削弱乌克兰的谈判地位。</p><p class=\"ql-align-justify\">俄新社引述俄分析师波列塔耶夫的话称，乌克兰军队出兵库尔斯克，从一开始就有媒体宣传的目的，并派出了最能战斗的部队。现在库尔斯克的乌军被包围，这将使基辅在与莫斯科谈判中唯一的“王牌”变成对自己不利的烂牌。</p><p class=\"ql-align-justify\">美国有线电视新闻网（CNN）9日称，乌克兰在库尔斯克地区的存在急剧恶化，俄罗斯的推进威胁到乌克兰“唯一的领土谈判筹码”。俄罗斯国防部当天表示，其部队在几天内占领了4个定居点。报道称，面对俄罗斯的胜利，一些乌克兰博主认为，攻入库尔斯克可能已经耗尽了其战略价值。“我从没想过我会这么说，但也许是时候停止库尔斯克行动了。”有博主说。</p><p class=\"ql-align-justify\"><strong>“不排除在沙特签署协议”</strong></p><p class=\"ql-align-justify\">许多媒体提到，库尔斯克战局变化的背景是，美国总统特朗普和乌克兰总统泽连斯基2月底在白宫吵架后，特朗普下令暂停对乌克兰的军事援助，包括情报分享。此后，乌方一直努力修复与美方的关系。法国国际广播电台称，尽管泽连斯基以各种方式弥合双方的分歧，但特朗普和美方官员出言苛刻，并拿出撒手锏，暂停了对乌军援与情报分享。报道认为，美国“断供情报”让进入库尔斯克州的乌克兰军队面临危险。</p><p class=\"ql-align-center\"><img src=\"https://nimg.ws.126.net/?url=http%3A%2F%2Fcms-bucket.ws.126.net%2F2025%2F0310%2Fe1587fa8j00ssvrk300dfc000qu00f4c.jpg&amp;thumbnail=660x2147483647&amp;quality=80&amp;type=jpg\"></p><p class=\"ql-align-justify\">特朗普下令暂停对乌克兰的军事援助 资料图</p><p class=\"ql-align-justify\">在此背景下，美国和乌克兰高级官员11日将在沙特举行会谈。据美联社报道，美国国务卿鲁比奥、白宫国家安全事务助理华尔兹、中东问题特使威特科夫将参加，乌克兰总统办公室主任顾问波多利亚克率领乌方代表团参加。泽连斯基表示，他将于10日开始访问沙特，并计划与沙特王储穆罕默德·本·萨勒曼举行会谈，但他不会参加与美国代表团的会谈。</p><p class=\"ql-align-justify\">乌克兰方面称，乌克兰代表计划与美国代表团讨论两国之间的矿产协议、军事援助以及与俄罗斯对话的形式。乌方仍然准备与美国达成矿产协议，不排除在沙特签署这一文件的可能性。</p><p><br></p>',1,'俄军发动“管道突袭”，库尔斯克乌军“几乎全被包围”？','admin','2025-03-10 09:13:54','admin','2025-03-10 09:13:54','2025-03-10 00:00:00','网易新闻','军事','https://www.163.com/dy/article/JQ9808R40514R9OJ.html');
/*!40000 ALTER TABLE `news_info` ENABLE KEYS */;
UNLOCK TABLES;

--
-- Table structure for table `sys_config`
--

DROP TABLE IF EXISTS `sys_config`;
/*!40101 SET @saved_cs_client     = @@character_set_client */;
/*!50503 SET character_set_client = utf8mb4 */;
CREATE TABLE `sys_config` (
  `config_id` int NOT NULL AUTO_INCREMENT COMMENT '参数主键',
  `config_name` varchar(100) DEFAULT '' COMMENT '参数名称',
  `config_key` varchar(100) DEFAULT '' COMMENT '参数键名',
  `config_value` varchar(500) DEFAULT '' COMMENT '参数键值',
  `config_type` char(1) DEFAULT 'N' COMMENT '系统内置（Y是 N否）',
  `create_by` varchar(64) DEFAULT '' COMMENT '创建者',
  `create_time` datetime DEFAULT NULL COMMENT '创建时间',
  `update_by` varchar(64) DEFAULT '' COMMENT '更新者',
  `update_time` datetime DEFAULT NULL COMMENT '更新时间',
  `remark` varchar(500) DEFAULT NULL COMMENT '备注',
  PRIMARY KEY (`config_id`)
) ENGINE=InnoDB AUTO_INCREMENT=100 DEFAULT CHARSET=utf8mb4 COLLATE=utf8mb4_0900_ai_ci COMMENT='参数配置表';
/*!40101 SET character_set_client = @saved_cs_client */;

--
-- Dumping data for table `sys_config`
--

LOCK TABLES `sys_config` WRITE;
/*!40000 ALTER TABLE `sys_config` DISABLE KEYS */;
INSERT INTO `sys_config` VALUES (1,'主框架页-默认皮肤样式名称','sys.index.skinName','skin-blue','Y','admin','2025-03-02 10:34:18','',NULL,'蓝色 skin-blue、绿色 skin-green、紫色 skin-purple、红色 skin-red、黄色 skin-yellow'),(2,'用户管理-账号初始密码','sys.user.initPassword','123456','Y','admin','2025-03-02 10:34:18','',NULL,'初始化密码 123456'),(3,'主框架页-侧边栏主题','sys.index.sideTheme','theme-dark','Y','admin','2025-03-02 10:34:18','',NULL,'深色主题theme-dark，浅色主题theme-light'),(4,'账号自助-验证码开关','sys.account.captchaEnabled','true','Y','admin','2025-03-02 10:34:18','',NULL,'是否开启验证码功能（true开启，false关闭）'),(5,'账号自助-是否开启用户注册功能','sys.account.registerUser','false','Y','admin','2025-03-02 10:34:18','',NULL,'是否开启注册用户功能（true开启，false关闭）'),(6,'用户登录-黑名单列表','sys.login.blackIPList','','Y','admin','2025-03-02 10:34:18','',NULL,'设置登录IP黑名单限制，多个匹配项以;分隔，支持匹配（*通配、网段）');
/*!40000 ALTER TABLE `sys_config` ENABLE KEYS */;
UNLOCK TABLES;

--
-- Table structure for table `sys_dept`
--

DROP TABLE IF EXISTS `sys_dept`;
/*!40101 SET @saved_cs_client     = @@character_set_client */;
/*!50503 SET character_set_client = utf8mb4 */;
CREATE TABLE `sys_dept` (
  `dept_id` bigint NOT NULL AUTO_INCREMENT COMMENT '部门id',
  `parent_id` bigint DEFAULT '0' COMMENT '父部门id',
  `ancestors` varchar(50) DEFAULT '' COMMENT '祖级列表',
  `dept_name` varchar(30) DEFAULT '' COMMENT '部门名称',
  `order_num` int DEFAULT '0' COMMENT '显示顺序',
  `leader` varchar(20) DEFAULT NULL COMMENT '负责人',
  `phone` varchar(11) DEFAULT NULL COMMENT '联系电话',
  `email` varchar(50) DEFAULT NULL COMMENT '邮箱',
  `status` char(1) DEFAULT '0' COMMENT '部门状态（0正常 1停用）',
  `del_flag` char(1) DEFAULT '0' COMMENT '删除标志（0代表存在 2代表删除）',
  `create_by` varchar(64) DEFAULT '' COMMENT '创建者',
  `create_time` datetime DEFAULT NULL COMMENT '创建时间',
  `update_by` varchar(64) DEFAULT '' COMMENT '更新者',
  `update_time` datetime DEFAULT NULL COMMENT '更新时间',
  PRIMARY KEY (`dept_id`)
) ENGINE=InnoDB AUTO_INCREMENT=200 DEFAULT CHARSET=utf8mb4 COLLATE=utf8mb4_0900_ai_ci COMMENT='部门表';
/*!40101 SET character_set_client = @saved_cs_client */;

--
-- Dumping data for table `sys_dept`
--

LOCK TABLES `sys_dept` WRITE;
/*!40000 ALTER TABLE `sys_dept` DISABLE KEYS */;
INSERT INTO `sys_dept` VALUES (100,0,'0','集团总公司',0,'年糕','15888888888','niangao@qq.com','0','0','admin','2025-03-02 10:34:17','',NULL),(101,100,'0,100','深圳分公司',1,'年糕','15888888888','niangao@qq.com','0','0','admin','2025-03-02 10:34:17','',NULL),(102,100,'0,100','长沙分公司',2,'年糕','15888888888','niangao@qq.com','0','0','admin','2025-03-02 10:34:17','',NULL),(103,101,'0,100,101','研发部门',1,'年糕','15888888888','niangao@qq.com','0','0','admin','2025-03-02 10:34:17','',NULL),(104,101,'0,100,101','市场部门',2,'年糕','15888888888','niangao@qq.com','0','0','admin','2025-03-02 10:34:17','',NULL),(105,101,'0,100,101','测试部门',3,'年糕','15888888888','niangao@qq.com','0','0','admin','2025-03-02 10:34:17','',NULL),(106,101,'0,100,101','财务部门',4,'年糕','15888888888','niangao@qq.com','0','0','admin','2025-03-02 10:34:17','',NULL),(107,101,'0,100,101','运维部门',5,'年糕','15888888888','niangao@qq.com','0','0','admin','2025-03-02 10:34:17','',NULL),(108,102,'0,100,102','市场部门',1,'年糕','15888888888','niangao@qq.com','0','0','admin','2025-03-02 10:34:17','',NULL),(109,102,'0,100,102','财务部门',2,'年糕','15888888888','niangao@qq.com','0','0','admin','2025-03-02 10:34:17','',NULL);
/*!40000 ALTER TABLE `sys_dept` ENABLE KEYS */;
UNLOCK TABLES;

--
-- Table structure for table `sys_dict_data`
--

DROP TABLE IF EXISTS `sys_dict_data`;
/*!40101 SET @saved_cs_client     = @@character_set_client */;
/*!50503 SET character_set_client = utf8mb4 */;
CREATE TABLE `sys_dict_data` (
  `dict_code` bigint NOT NULL AUTO_INCREMENT COMMENT '字典编码',
  `dict_sort` int DEFAULT '0' COMMENT '字典排序',
  `dict_label` varchar(100) DEFAULT '' COMMENT '字典标签',
  `dict_value` varchar(100) DEFAULT '' COMMENT '字典键值',
  `dict_type` varchar(100) DEFAULT '' COMMENT '字典类型',
  `css_class` varchar(100) DEFAULT NULL COMMENT '样式属性（其他样式扩展）',
  `list_class` varchar(100) DEFAULT NULL COMMENT '表格回显样式',
  `is_default` char(1) DEFAULT 'N' COMMENT '是否默认（Y是 N否）',
  `status` char(1) DEFAULT '0' COMMENT '状态（0正常 1停用）',
  `create_by` varchar(64) DEFAULT '' COMMENT '创建者',
  `create_time` datetime DEFAULT NULL COMMENT '创建时间',
  `update_by` varchar(64) DEFAULT '' COMMENT '更新者',
  `update_time` datetime DEFAULT NULL COMMENT '更新时间',
  `remark` varchar(500) DEFAULT NULL COMMENT '备注',
  PRIMARY KEY (`dict_code`)
) ENGINE=InnoDB AUTO_INCREMENT=100 DEFAULT CHARSET=utf8mb4 COLLATE=utf8mb4_0900_ai_ci COMMENT='字典数据表';
/*!40101 SET character_set_client = @saved_cs_client */;

--
-- Dumping data for table `sys_dict_data`
--

LOCK TABLES `sys_dict_data` WRITE;
/*!40000 ALTER TABLE `sys_dict_data` DISABLE KEYS */;
INSERT INTO `sys_dict_data` VALUES (1,1,'男','0','sys_user_sex','','','Y','0','admin','2025-03-02 10:34:18','',NULL,'性别男'),(2,2,'女','1','sys_user_sex','','','N','0','admin','2025-03-02 10:34:18','',NULL,'性别女'),(3,3,'未知','2','sys_user_sex','','','N','0','admin','2025-03-02 10:34:18','',NULL,'性别未知'),(4,1,'显示','0','sys_show_hide','','primary','Y','0','admin','2025-03-02 10:34:18','',NULL,'显示菜单'),(5,2,'隐藏','1','sys_show_hide','','danger','N','0','admin','2025-03-02 10:34:18','',NULL,'隐藏菜单'),(6,1,'正常','0','sys_normal_disable','','primary','Y','0','admin','2025-03-02 10:34:18','',NULL,'正常状态'),(7,2,'停用','1','sys_normal_disable','','danger','N','0','admin','2025-03-02 10:34:18','',NULL,'停用状态'),(8,1,'正常','0','sys_job_status','','primary','Y','0','admin','2025-03-02 10:34:18','',NULL,'正常状态'),(9,2,'暂停','1','sys_job_status','','danger','N','0','admin','2025-03-02 10:34:18','',NULL,'停用状态'),(10,1,'默认','default','sys_job_group','','','Y','0','admin','2025-03-02 10:34:18','',NULL,'默认分组'),(11,2,'数据库','sqlalchemy','sys_job_group','','','N','0','admin','2025-03-02 10:34:18','',NULL,'数据库分组'),(12,3,'redis','redis','sys_job_group','','','N','0','admin','2025-03-02 10:34:18','',NULL,'reids分组'),(13,1,'默认','default','sys_job_executor','','','N','0','admin','2025-03-02 10:34:18','',NULL,'线程池'),(14,2,'进程池','processpool','sys_job_executor','','','N','0','admin','2025-03-02 10:34:18','',NULL,'进程池'),(15,1,'是','Y','sys_yes_no','','primary','Y','0','admin','2025-03-02 10:34:18','',NULL,'系统默认是'),(16,2,'否','N','sys_yes_no','','danger','N','0','admin','2025-03-02 10:34:18','',NULL,'系统默认否'),(17,1,'通知','1','sys_notice_type','','warning','Y','0','admin','2025-03-02 10:34:18','',NULL,'通知'),(18,2,'公告','2','sys_notice_type','','success','N','0','admin','2025-03-02 10:34:18','',NULL,'公告'),(19,1,'正常','0','sys_notice_status','','primary','Y','0','admin','2025-03-02 10:34:18','',NULL,'正常状态'),(20,2,'关闭','1','sys_notice_status','','danger','N','0','admin','2025-03-02 10:34:18','',NULL,'关闭状态'),(21,99,'其他','0','sys_oper_type','','info','N','0','admin','2025-03-02 10:34:18','',NULL,'其他操作'),(22,1,'新增','1','sys_oper_type','','info','N','0','admin','2025-03-02 10:34:18','',NULL,'新增操作'),(23,2,'修改','2','sys_oper_type','','info','N','0','admin','2025-03-02 10:34:18','',NULL,'修改操作'),(24,3,'删除','3','sys_oper_type','','danger','N','0','admin','2025-03-02 10:34:18','',NULL,'删除操作'),(25,4,'授权','4','sys_oper_type','','primary','N','0','admin','2025-03-02 10:34:18','',NULL,'授权操作'),(26,5,'导出','5','sys_oper_type','','warning','N','0','admin','2025-03-02 10:34:18','',NULL,'导出操作'),(27,6,'导入','6','sys_oper_type','','warning','N','0','admin','2025-03-02 10:34:18','',NULL,'导入操作'),(28,7,'强退','7','sys_oper_type','','danger','N','0','admin','2025-03-02 10:34:18','',NULL,'强退操作'),(29,8,'生成代码','8','sys_oper_type','','warning','N','0','admin','2025-03-02 10:34:18','',NULL,'生成操作'),(30,9,'清空数据','9','sys_oper_type','','danger','N','0','admin','2025-03-02 10:34:18','',NULL,'清空操作'),(31,1,'成功','0','sys_common_status','','primary','N','0','admin','2025-03-02 10:34:18','',NULL,'正常状态'),(32,2,'失败','1','sys_common_status','','danger','N','0','admin','2025-03-02 10:34:18','',NULL,'停用状态');
/*!40000 ALTER TABLE `sys_dict_data` ENABLE KEYS */;
UNLOCK TABLES;

--
-- Table structure for table `sys_dict_type`
--

DROP TABLE IF EXISTS `sys_dict_type`;
/*!40101 SET @saved_cs_client     = @@character_set_client */;
/*!50503 SET character_set_client = utf8mb4 */;
CREATE TABLE `sys_dict_type` (
  `dict_id` bigint NOT NULL AUTO_INCREMENT COMMENT '字典主键',
  `dict_name` varchar(100) DEFAULT '' COMMENT '字典名称',
  `dict_type` varchar(100) DEFAULT '' COMMENT '字典类型',
  `status` char(1) DEFAULT '0' COMMENT '状态（0正常 1停用）',
  `create_by` varchar(64) DEFAULT '' COMMENT '创建者',
  `create_time` datetime DEFAULT NULL COMMENT '创建时间',
  `update_by` varchar(64) DEFAULT '' COMMENT '更新者',
  `update_time` datetime DEFAULT NULL COMMENT '更新时间',
  `remark` varchar(500) DEFAULT NULL COMMENT '备注',
  PRIMARY KEY (`dict_id`),
  UNIQUE KEY `dict_type` (`dict_type`)
) ENGINE=InnoDB AUTO_INCREMENT=103 DEFAULT CHARSET=utf8mb4 COLLATE=utf8mb4_0900_ai_ci COMMENT='字典类型表';
/*!40101 SET character_set_client = @saved_cs_client */;

--
-- Dumping data for table `sys_dict_type`
--

LOCK TABLES `sys_dict_type` WRITE;
/*!40000 ALTER TABLE `sys_dict_type` DISABLE KEYS */;
INSERT INTO `sys_dict_type` VALUES (1,'用户性别','sys_user_sex','0','admin','2025-03-02 10:34:18','',NULL,'用户性别列表'),(2,'菜单状态','sys_show_hide','0','admin','2025-03-02 10:34:18','',NULL,'菜单状态列表'),(3,'系统开关','sys_normal_disable','0','admin','2025-03-02 10:34:18','',NULL,'系统开关列表'),(4,'任务状态','sys_job_status','0','admin','2025-03-02 10:34:18','',NULL,'任务状态列表'),(5,'任务分组','sys_job_group','0','admin','2025-03-02 10:34:18','',NULL,'任务分组列表'),(6,'任务执行器','sys_job_executor','0','admin','2025-03-02 10:34:18','',NULL,'任务执行器列表'),(7,'系统是否','sys_yes_no','0','admin','2025-03-02 10:34:18','',NULL,'系统是否列表'),(8,'通知类型','sys_notice_type','0','admin','2025-03-02 10:34:18','',NULL,'通知类型列表'),(9,'通知状态','sys_notice_status','0','admin','2025-03-02 10:34:18','',NULL,'通知状态列表'),(10,'操作类型','sys_oper_type','0','admin','2025-03-02 10:34:18','',NULL,'操作类型列表'),(11,'系统状态','sys_common_status','0','admin','2025-03-02 10:34:18','',NULL,'登录状态列表');
/*!40000 ALTER TABLE `sys_dict_type` ENABLE KEYS */;
UNLOCK TABLES;

--
-- Table structure for table `sys_job`
--

DROP TABLE IF EXISTS `sys_job`;
/*!40101 SET @saved_cs_client     = @@character_set_client */;
/*!50503 SET character_set_client = utf8mb4 */;
CREATE TABLE `sys_job` (
  `job_id` bigint NOT NULL AUTO_INCREMENT COMMENT '任务ID',
  `job_name` varchar(64) NOT NULL DEFAULT '' COMMENT '任务名称',
  `job_group` varchar(64) NOT NULL DEFAULT 'default' COMMENT '任务组名',
  `job_executor` varchar(64) DEFAULT 'default' COMMENT '任务执行器',
  `invoke_target` varchar(500) NOT NULL COMMENT '调用目标字符串',
  `job_args` varchar(255) DEFAULT '' COMMENT '位置参数',
  `job_kwargs` varchar(255) DEFAULT '' COMMENT '关键字参数',
  `cron_expression` varchar(255) DEFAULT '' COMMENT 'cron执行表达式',
  `misfire_policy` varchar(20) DEFAULT '3' COMMENT '计划执行错误策略（1立即执行 2执行一次 3放弃执行）',
  `concurrent` char(1) DEFAULT '1' COMMENT '是否并发执行（0允许 1禁止）',
  `status` char(1) DEFAULT '0' COMMENT '状态（0正常 1暂停）',
  `create_by` varchar(64) DEFAULT '' COMMENT '创建者',
  `create_time` datetime DEFAULT NULL COMMENT '创建时间',
  `update_by` varchar(64) DEFAULT '' COMMENT '更新者',
  `update_time` datetime DEFAULT NULL COMMENT '更新时间',
  `remark` varchar(500) DEFAULT '' COMMENT '备注信息',
  PRIMARY KEY (`job_id`,`job_name`,`job_group`)
) ENGINE=InnoDB AUTO_INCREMENT=100 DEFAULT CHARSET=utf8mb4 COLLATE=utf8mb4_0900_ai_ci COMMENT='定时任务调度表';
/*!40101 SET character_set_client = @saved_cs_client */;

--
-- Dumping data for table `sys_job`
--

LOCK TABLES `sys_job` WRITE;
/*!40000 ALTER TABLE `sys_job` DISABLE KEYS */;
INSERT INTO `sys_job` VALUES (1,'系统默认（无参）','default','default','module_task.scheduler_test.job',NULL,NULL,'0/10 * * * * ?','3','1','1','admin','2025-03-02 10:34:18','',NULL,''),(2,'系统默认（有参）','default','default','module_task.scheduler_test.job','test',NULL,'0/15 * * * * ?','3','1','1','admin','2025-03-02 10:34:18','',NULL,''),(3,'系统默认（多参）','default','default','module_task.scheduler_test.job','new','{\"test\": 111}','0/20 * * * * ?','3','1','1','admin','2025-03-02 10:34:18','',NULL,'');
/*!40000 ALTER TABLE `sys_job` ENABLE KEYS */;
UNLOCK TABLES;

--
-- Table structure for table `sys_job_log`
--

DROP TABLE IF EXISTS `sys_job_log`;
/*!40101 SET @saved_cs_client     = @@character_set_client */;
/*!50503 SET character_set_client = utf8mb4 */;
CREATE TABLE `sys_job_log` (
  `job_log_id` bigint NOT NULL AUTO_INCREMENT COMMENT '任务日志ID',
  `job_name` varchar(64) NOT NULL COMMENT '任务名称',
  `job_group` varchar(64) NOT NULL COMMENT '任务组名',
  `job_executor` varchar(64) NOT NULL COMMENT '任务执行器',
  `invoke_target` varchar(500) NOT NULL COMMENT '调用目标字符串',
  `job_args` varchar(255) DEFAULT '' COMMENT '位置参数',
  `job_kwargs` varchar(255) DEFAULT '' COMMENT '关键字参数',
  `job_trigger` varchar(255) DEFAULT '' COMMENT '任务触发器',
  `job_message` varchar(500) DEFAULT NULL COMMENT '日志信息',
  `status` char(1) DEFAULT '0' COMMENT '执行状态（0正常 1失败）',
  `exception_info` varchar(2000) DEFAULT '' COMMENT '异常信息',
  `create_time` datetime DEFAULT NULL COMMENT '创建时间',
  PRIMARY KEY (`job_log_id`)
) ENGINE=InnoDB DEFAULT CHARSET=utf8mb4 COLLATE=utf8mb4_0900_ai_ci COMMENT='定时任务调度日志表';
/*!40101 SET character_set_client = @saved_cs_client */;

--
-- Dumping data for table `sys_job_log`
--

LOCK TABLES `sys_job_log` WRITE;
/*!40000 ALTER TABLE `sys_job_log` DISABLE KEYS */;
/*!40000 ALTER TABLE `sys_job_log` ENABLE KEYS */;
UNLOCK TABLES;

--
-- Table structure for table `sys_logininfor`
--

DROP TABLE IF EXISTS `sys_logininfor`;
/*!40101 SET @saved_cs_client     = @@character_set_client */;
/*!50503 SET character_set_client = utf8mb4 */;
CREATE TABLE `sys_logininfor` (
  `info_id` bigint NOT NULL AUTO_INCREMENT COMMENT '访问ID',
  `user_name` varchar(50) DEFAULT '' COMMENT '用户账号',
  `ipaddr` varchar(128) DEFAULT '' COMMENT '登录IP地址',
  `login_location` varchar(255) DEFAULT '' COMMENT '登录地点',
  `browser` varchar(50) DEFAULT '' COMMENT '浏览器类型',
  `os` varchar(50) DEFAULT '' COMMENT '操作系统',
  `status` char(1) DEFAULT '0' COMMENT '登录状态（0成功 1失败）',
  `msg` varchar(255) DEFAULT '' COMMENT '提示消息',
  `login_time` datetime DEFAULT NULL COMMENT '访问时间',
  PRIMARY KEY (`info_id`),
  KEY `idx_sys_logininfor_s` (`status`),
  KEY `idx_sys_logininfor_lt` (`login_time`)
) ENGINE=InnoDB AUTO_INCREMENT=149 DEFAULT CHARSET=utf8mb4 COLLATE=utf8mb4_0900_ai_ci COMMENT='系统访问记录';
/*!40101 SET character_set_client = @saved_cs_client */;

--
-- Dumping data for table `sys_logininfor`
--

LOCK TABLES `sys_logininfor` WRITE;
/*!40000 ALTER TABLE `sys_logininfor` DISABLE KEYS */;
INSERT INTO `sys_logininfor` VALUES (100,'admin','','未知','Edge 133','Windows 10','0','登录成功','2025-03-02 11:10:13'),(101,'admin','','未知','Edge 133','Windows 10','0','登录成功','2025-03-02 15:39:41'),(102,'admin','','未知','Edge 133','Windows 10','0','登录成功','2025-03-02 16:22:12'),(103,'admin','','未知','Edge 133','Windows 10','1','验证码错误','2025-03-02 16:39:25'),(104,'admin','','未知','Edge 133','Windows 10','0','登录成功','2025-03-02 16:39:30'),(105,'admin','','未知','Edge 133','Windows 10','0','登录成功','2025-03-03 08:11:12'),(106,'admin','','未知','Edge 133','Windows 10','0','登录成功','2025-03-03 10:11:26'),(107,'admin','','未知','Edge 133','Windows 10','0','登录成功','2025-03-03 10:47:12'),(108,'admin','','未知','Edge 133','Windows 10','0','登录成功','2025-03-04 08:13:25'),(109,'admin','','未知','Edge 133','Windows 10','0','登录成功','2025-03-04 08:54:57'),(110,'admin','','未知','Edge 133','Windows 10','0','登录成功','2025-03-04 11:02:49'),(111,'admin','','未知','Edge 133','Windows 10','0','登录成功','2025-03-05 08:40:39'),(112,'admin','','未知','Edge 133','Windows 10','0','登录成功','2025-03-05 08:56:24'),(113,'admin','','未知','Edge 133','Windows 10','0','登录成功','2025-03-05 09:02:02'),(114,'admin','','未知','Edge 133','Windows 10','0','登录成功','2025-03-05 09:05:27'),(115,'admin','','未知','Edge 133','Windows 10','0','登录成功','2025-03-05 11:09:09'),(116,'admin','','未知','Edge 133','Windows 10','0','登录成功','2025-03-06 08:09:48'),(117,'admin','','未知','Edge 133','Windows 10','0','登录成功','2025-03-06 08:14:39'),(118,'admin','','未知','Edge 133','Windows 10','0','登录成功','2025-03-06 09:23:39'),(119,'admin','','未知','Edge 133','Windows 10','0','登录成功','2025-03-06 14:08:49'),(120,'admin','','未知','Edge 133','Windows 10','0','登录成功','2025-03-06 16:56:04'),(121,'admin','','未知','Edge 133','Windows 10','0','登录成功','2025-03-07 08:14:24'),(122,'admin','','未知','Edge 133','Windows 10','0','登录成功','2025-03-07 08:15:45'),(123,'admin','','未知','Edge 133','Windows 10','0','登录成功','2025-03-07 08:22:11'),(124,'admin','','未知','Edge 133','Windows 10','0','登录成功','2025-03-07 10:05:03'),(125,'admin','','未知','Edge 133','Windows 10','0','登录成功','2025-03-07 14:54:32'),(126,'admin','','未知','Edge 134','Windows 10','0','登录成功','2025-03-10 08:04:03'),(127,'admin','','未知','Edge 134','Windows 10','0','登录成功','2025-03-11 08:13:02'),(128,'admin','','未知','Edge 134','Windows 10','0','登录成功','2025-03-13 08:51:37'),(129,'admin','','未知','Edge 134','Windows 10','0','登录成功','2025-03-13 18:57:02'),(130,'admin','','未知','MiuiBrowser 19','Android 12','1','密码错误','2025-03-13 20:35:48'),(131,'admin','','未知','MiuiBrowser 19','Android 12','1','密码错误','2025-03-13 20:35:52'),(132,'admin','','未知','MiuiBrowser 19','Android 12','0','登录成功','2025-03-13 20:36:00'),(133,'admin','','未知','Edge 134','Windows 10','1','验证码已失效','2025-03-13 20:54:51'),(134,'admin','','未知','Edge 134','Windows 10','0','登录成功','2025-03-13 20:54:56'),(135,'admin','','未知','Edge 134','Windows 10','0','登录成功','2025-03-14 14:06:32'),(136,'admin','','未知','Edge 134','Windows 10','0','登录成功','2025-03-18 08:13:18'),(137,'admin','','未知','Edge 134','Windows 10','0','登录成功','2025-03-18 09:25:36'),(138,'admin','','未知','Edge 134','Windows 10','0','登录成功','2025-03-18 09:55:57'),(139,'admin','','未知','Edge 134','Windows 10','0','登录成功','2025-03-18 10:36:37'),(140,'admin','','未知','Edge 134','Windows 10','0','登录成功','2025-03-19 18:31:52'),(141,'test','','未知','Edge 134','Windows 10','0','登录成功','2025-03-19 18:34:44'),(142,'admin','','未知','Edge 134','Windows 10','1','密码错误','2025-03-19 18:35:29'),(143,'admin','','未知','Edge 134','Windows 10','1','密码错误','2025-03-19 18:35:36'),(144,'admin','','未知','Edge 134','Windows 10','0','登录成功','2025-03-19 18:35:46'),(145,'test','','未知','Edge 134','Windows 10','0','登录成功','2025-03-19 18:36:10'),(146,'admin','','未知','Edge 134','Windows 10','0','登录成功','2025-03-19 19:17:13'),(147,'admin','','未知','Edge 134','Windows 10','1','验证码已失效','2025-03-29 08:00:48'),(148,'admin','','未知','Edge 134','Windows 10','0','登录成功','2025-03-29 08:00:53');
/*!40000 ALTER TABLE `sys_logininfor` ENABLE KEYS */;
UNLOCK TABLES;

--
-- Table structure for table `sys_menu`
--

DROP TABLE IF EXISTS `sys_menu`;
/*!40101 SET @saved_cs_client     = @@character_set_client */;
/*!50503 SET character_set_client = utf8mb4 */;
CREATE TABLE `sys_menu` (
  `menu_id` bigint NOT NULL AUTO_INCREMENT COMMENT '菜单ID',
  `menu_name` varchar(50) NOT NULL COMMENT '菜单名称',
  `parent_id` bigint DEFAULT '0' COMMENT '父菜单ID',
  `order_num` int DEFAULT '0' COMMENT '显示顺序',
  `path` varchar(200) DEFAULT '' COMMENT '路由地址',
  `component` varchar(255) DEFAULT NULL COMMENT '组件路径',
  `query` varchar(255) DEFAULT NULL COMMENT '路由参数',
  `route_name` varchar(50) DEFAULT '' COMMENT '路由名称',
  `is_frame` int DEFAULT '1' COMMENT '是否为外链（0是 1否）',
  `is_cache` int DEFAULT '0' COMMENT '是否缓存（0缓存 1不缓存）',
  `menu_type` char(1) DEFAULT '' COMMENT '菜单类型（M目录 C菜单 F按钮）',
  `visible` char(1) DEFAULT '0' COMMENT '菜单状态（0显示 1隐藏）',
  `status` char(1) DEFAULT '0' COMMENT '菜单状态（0正常 1停用）',
  `perms` varchar(100) DEFAULT NULL COMMENT '权限标识',
  `icon` varchar(100) DEFAULT '#' COMMENT '菜单图标',
  `create_by` varchar(64) DEFAULT '' COMMENT '创建者',
  `create_time` datetime DEFAULT NULL COMMENT '创建时间',
  `update_by` varchar(64) DEFAULT '' COMMENT '更新者',
  `update_time` datetime DEFAULT NULL COMMENT '更新时间',
  `remark` varchar(500) DEFAULT '' COMMENT '备注',
  PRIMARY KEY (`menu_id`)
) ENGINE=InnoDB AUTO_INCREMENT=2043 DEFAULT CHARSET=utf8mb4 COLLATE=utf8mb4_0900_ai_ci COMMENT='菜单权限表';
/*!40101 SET character_set_client = @saved_cs_client */;

--
-- Dumping data for table `sys_menu`
--

LOCK TABLES `sys_menu` WRITE;
/*!40000 ALTER TABLE `sys_menu` DISABLE KEYS */;
INSERT INTO `sys_menu` VALUES (1,'系统管理',0,1,'system',NULL,'','',1,0,'M','0','0','','system','admin','2025-03-02 10:34:17','',NULL,'系统管理目录'),(2,'系统监控',0,2,'monitor',NULL,'','',1,0,'M','0','0','','monitor','admin','2025-03-02 10:34:17','',NULL,'系统监控目录'),(3,'系统工具',0,3,'tool',NULL,'','',1,0,'M','0','0','','tool','admin','2025-03-02 10:34:17','',NULL,'系统工具目录'),(4,'若依官网',0,4,'http://ruoyi.vip',NULL,'','',0,0,'M','0','0','','guide','admin','2025-03-02 10:34:17','',NULL,'若依官网地址'),(100,'用户管理',1,1,'user','system/user/index','','',1,0,'C','0','0','system:user:list','user','admin','2025-03-02 10:34:17','',NULL,'用户管理菜单'),(101,'角色管理',1,2,'role','system/role/index','','',1,0,'C','0','0','system:role:list','peoples','admin','2025-03-02 10:34:17','',NULL,'角色管理菜单'),(102,'菜单管理',1,3,'menu','system/menu/index','','',1,0,'C','0','0','system:menu:list','tree-table','admin','2025-03-02 10:34:17','',NULL,'菜单管理菜单'),(103,'部门管理',1,4,'dept','system/dept/index','','',1,0,'C','0','0','system:dept:list','tree','admin','2025-03-02 10:34:17','',NULL,'部门管理菜单'),(104,'岗位管理',1,5,'post','system/post/index','','',1,0,'C','0','0','system:post:list','post','admin','2025-03-02 10:34:17','',NULL,'岗位管理菜单'),(105,'字典管理',1,6,'dict','system/dict/index','','',1,0,'C','0','0','system:dict:list','dict','admin','2025-03-02 10:34:17','',NULL,'字典管理菜单'),(106,'参数设置',1,7,'config','system/config/index','','',1,0,'C','0','0','system:config:list','edit','admin','2025-03-02 10:34:17','',NULL,'参数设置菜单'),(107,'通知公告',1,8,'notice','system/notice/index','','',1,0,'C','0','0','system:notice:list','message','admin','2025-03-02 10:34:17','',NULL,'通知公告菜单'),(108,'日志管理',1,9,'log','','','',1,0,'M','0','0','','log','admin','2025-03-02 10:34:17','',NULL,'日志管理菜单'),(109,'在线用户',2,1,'online','monitor/online/index','','',1,0,'C','0','0','monitor:online:list','online','admin','2025-03-02 10:34:17','',NULL,'在线用户菜单'),(110,'定时任务',2,2,'job','monitor/job/index','','',1,0,'C','0','0','monitor:job:list','job','admin','2025-03-02 10:34:17','',NULL,'定时任务菜单'),(111,'数据监控',2,3,'druid','monitor/druid/index','','',1,0,'C','0','0','monitor:druid:list','druid','admin','2025-03-02 10:34:17','',NULL,'数据监控菜单'),(112,'服务监控',2,4,'server','monitor/server/index','','',1,0,'C','0','0','monitor:server:list','server','admin','2025-03-02 10:34:17','',NULL,'服务监控菜单'),(113,'缓存监控',2,5,'cache','monitor/cache/index','','',1,0,'C','0','0','monitor:cache:list','redis','admin','2025-03-02 10:34:17','',NULL,'缓存监控菜单'),(114,'缓存列表',2,6,'cacheList','monitor/cache/list','','',1,0,'C','0','0','monitor:cache:list','redis-list','admin','2025-03-02 10:34:17','',NULL,'缓存列表菜单'),(115,'表单构建',3,1,'build','tool/build/index','','',1,0,'C','0','0','tool:build:list','build','admin','2025-03-02 10:34:17','',NULL,'表单构建菜单'),(116,'代码生成',3,2,'gen','tool/gen/index','','',1,0,'C','0','0','tool:gen:list','code','admin','2025-03-02 10:34:17','',NULL,'代码生成菜单'),(117,'系统接口',3,3,'swagger','tool/swagger/index','','',1,0,'C','0','0','tool:swagger:list','swagger','admin','2025-03-02 10:34:17','',NULL,'系统接口菜单'),(500,'操作日志',108,1,'operlog','monitor/operlog/index','','',1,0,'C','0','0','monitor:operlog:list','form','admin','2025-03-02 10:34:17','',NULL,'操作日志菜单'),(501,'登录日志',108,2,'logininfor','monitor/logininfor/index','','',1,0,'C','0','0','monitor:logininfor:list','logininfor','admin','2025-03-02 10:34:17','',NULL,'登录日志菜单'),(1000,'用户查询',100,1,'','','','',1,0,'F','0','0','system:user:query','#','admin','2025-03-02 10:34:18','',NULL,''),(1001,'用户新增',100,2,'','','','',1,0,'F','0','0','system:user:add','#','admin','2025-03-02 10:34:18','',NULL,''),(1002,'用户修改',100,3,'','','','',1,0,'F','0','0','system:user:edit','#','admin','2025-03-02 10:34:18','',NULL,''),(1003,'用户删除',100,4,'','','','',1,0,'F','0','0','system:user:remove','#','admin','2025-03-02 10:34:18','',NULL,''),(1004,'用户导出',100,5,'','','','',1,0,'F','0','0','system:user:export','#','admin','2025-03-02 10:34:18','',NULL,''),(1005,'用户导入',100,6,'','','','',1,0,'F','0','0','system:user:import','#','admin','2025-03-02 10:34:18','',NULL,''),(1006,'重置密码',100,7,'','','','',1,0,'F','0','0','system:user:resetPwd','#','admin','2025-03-02 10:34:18','',NULL,''),(1007,'角色查询',101,1,'','','','',1,0,'F','0','0','system:role:query','#','admin','2025-03-02 10:34:18','',NULL,''),(1008,'角色新增',101,2,'','','','',1,0,'F','0','0','system:role:add','#','admin','2025-03-02 10:34:18','',NULL,''),(1009,'角色修改',101,3,'','','','',1,0,'F','0','0','system:role:edit','#','admin','2025-03-02 10:34:18','',NULL,''),(1010,'角色删除',101,4,'','','','',1,0,'F','0','0','system:role:remove','#','admin','2025-03-02 10:34:18','',NULL,''),(1011,'角色导出',101,5,'','','','',1,0,'F','0','0','system:role:export','#','admin','2025-03-02 10:34:18','',NULL,''),(1012,'菜单查询',102,1,'','','','',1,0,'F','0','0','system:menu:query','#','admin','2025-03-02 10:34:18','',NULL,''),(1013,'菜单新增',102,2,'','','','',1,0,'F','0','0','system:menu:add','#','admin','2025-03-02 10:34:18','',NULL,''),(1014,'菜单修改',102,3,'','','','',1,0,'F','0','0','system:menu:edit','#','admin','2025-03-02 10:34:18','',NULL,''),(1015,'菜单删除',102,4,'','','','',1,0,'F','0','0','system:menu:remove','#','admin','2025-03-02 10:34:18','',NULL,''),(1016,'部门查询',103,1,'','','','',1,0,'F','0','0','system:dept:query','#','admin','2025-03-02 10:34:18','',NULL,''),(1017,'部门新增',103,2,'','','','',1,0,'F','0','0','system:dept:add','#','admin','2025-03-02 10:34:18','',NULL,''),(1018,'部门修改',103,3,'','','','',1,0,'F','0','0','system:dept:edit','#','admin','2025-03-02 10:34:18','',NULL,''),(1019,'部门删除',103,4,'','','','',1,0,'F','0','0','system:dept:remove','#','admin','2025-03-02 10:34:18','',NULL,''),(1020,'岗位查询',104,1,'','','','',1,0,'F','0','0','system:post:query','#','admin','2025-03-02 10:34:18','',NULL,''),(1021,'岗位新增',104,2,'','','','',1,0,'F','0','0','system:post:add','#','admin','2025-03-02 10:34:18','',NULL,''),(1022,'岗位修改',104,3,'','','','',1,0,'F','0','0','system:post:edit','#','admin','2025-03-02 10:34:18','',NULL,''),(1023,'岗位删除',104,4,'','','','',1,0,'F','0','0','system:post:remove','#','admin','2025-03-02 10:34:18','',NULL,''),(1024,'岗位导出',104,5,'','','','',1,0,'F','0','0','system:post:export','#','admin','2025-03-02 10:34:18','',NULL,''),(1025,'字典查询',105,1,'#','','','',1,0,'F','0','0','system:dict:query','#','admin','2025-03-02 10:34:18','',NULL,''),(1026,'字典新增',105,2,'#','','','',1,0,'F','0','0','system:dict:add','#','admin','2025-03-02 10:34:18','',NULL,''),(1027,'字典修改',105,3,'#','','','',1,0,'F','0','0','system:dict:edit','#','admin','2025-03-02 10:34:18','',NULL,''),(1028,'字典删除',105,4,'#','','','',1,0,'F','0','0','system:dict:remove','#','admin','2025-03-02 10:34:18','',NULL,''),(1029,'字典导出',105,5,'#','','','',1,0,'F','0','0','system:dict:export','#','admin','2025-03-02 10:34:18','',NULL,''),(1030,'参数查询',106,1,'#','','','',1,0,'F','0','0','system:config:query','#','admin','2025-03-02 10:34:18','',NULL,''),(1031,'参数新增',106,2,'#','','','',1,0,'F','0','0','system:config:add','#','admin','2025-03-02 10:34:18','',NULL,''),(1032,'参数修改',106,3,'#','','','',1,0,'F','0','0','system:config:edit','#','admin','2025-03-02 10:34:18','',NULL,''),(1033,'参数删除',106,4,'#','','','',1,0,'F','0','0','system:config:remove','#','admin','2025-03-02 10:34:18','',NULL,''),(1034,'参数导出',106,5,'#','','','',1,0,'F','0','0','system:config:export','#','admin','2025-03-02 10:34:18','',NULL,''),(1035,'公告查询',107,1,'#','','','',1,0,'F','0','0','system:notice:query','#','admin','2025-03-02 10:34:18','',NULL,''),(1036,'公告新增',107,2,'#','','','',1,0,'F','0','0','system:notice:add','#','admin','2025-03-02 10:34:18','',NULL,''),(1037,'公告修改',107,3,'#','','','',1,0,'F','0','0','system:notice:edit','#','admin','2025-03-02 10:34:18','',NULL,''),(1038,'公告删除',107,4,'#','','','',1,0,'F','0','0','system:notice:remove','#','admin','2025-03-02 10:34:18','',NULL,''),(1039,'操作查询',500,1,'#','','','',1,0,'F','0','0','monitor:operlog:query','#','admin','2025-03-02 10:34:18','',NULL,''),(1040,'操作删除',500,2,'#','','','',1,0,'F','0','0','monitor:operlog:remove','#','admin','2025-03-02 10:34:18','',NULL,''),(1041,'日志导出',500,3,'#','','','',1,0,'F','0','0','monitor:operlog:export','#','admin','2025-03-02 10:34:18','',NULL,''),(1042,'登录查询',501,1,'#','','','',1,0,'F','0','0','monitor:logininfor:query','#','admin','2025-03-02 10:34:18','',NULL,''),(1043,'登录删除',501,2,'#','','','',1,0,'F','0','0','monitor:logininfor:remove','#','admin','2025-03-02 10:34:18','',NULL,''),(1044,'日志导出',501,3,'#','','','',1,0,'F','0','0','monitor:logininfor:export','#','admin','2025-03-02 10:34:18','',NULL,''),(1045,'账户解锁',501,4,'#','','','',1,0,'F','0','0','monitor:logininfor:unlock','#','admin','2025-03-02 10:34:18','',NULL,''),(1046,'在线查询',109,1,'#','','','',1,0,'F','0','0','monitor:online:query','#','admin','2025-03-02 10:34:18','',NULL,''),(1047,'批量强退',109,2,'#','','','',1,0,'F','0','0','monitor:online:batchLogout','#','admin','2025-03-02 10:34:18','',NULL,''),(1048,'单条强退',109,3,'#','','','',1,0,'F','0','0','monitor:online:forceLogout','#','admin','2025-03-02 10:34:18','',NULL,''),(1049,'任务查询',110,1,'#','','','',1,0,'F','0','0','monitor:job:query','#','admin','2025-03-02 10:34:18','',NULL,''),(1050,'任务新增',110,2,'#','','','',1,0,'F','0','0','monitor:job:add','#','admin','2025-03-02 10:34:18','',NULL,''),(1051,'任务修改',110,3,'#','','','',1,0,'F','0','0','monitor:job:edit','#','admin','2025-03-02 10:34:18','',NULL,''),(1052,'任务删除',110,4,'#','','','',1,0,'F','0','0','monitor:job:remove','#','admin','2025-03-02 10:34:18','',NULL,''),(1053,'状态修改',110,5,'#','','','',1,0,'F','0','0','monitor:job:changeStatus','#','admin','2025-03-02 10:34:18','',NULL,''),(1054,'任务导出',110,6,'#','','','',1,0,'F','0','0','monitor:job:export','#','admin','2025-03-02 10:34:18','',NULL,''),(1055,'生成查询',116,1,'#','','','',1,0,'F','0','0','tool:gen:query','#','admin','2025-03-02 10:34:18','',NULL,''),(1056,'生成修改',116,2,'#','','','',1,0,'F','0','0','tool:gen:edit','#','admin','2025-03-02 10:34:18','',NULL,''),(1057,'生成删除',116,3,'#','','','',1,0,'F','0','0','tool:gen:remove','#','admin','2025-03-02 10:34:18','',NULL,''),(1058,'导入代码',116,4,'#','','','',1,0,'F','0','0','tool:gen:import','#','admin','2025-03-02 10:34:18','',NULL,''),(1059,'预览代码',116,5,'#','','','',1,0,'F','0','0','tool:gen:preview','#','admin','2025-03-02 10:34:18','',NULL,''),(1060,'生成代码',116,6,'#','','','',1,0,'F','0','0','tool:gen:code','#','admin','2025-03-02 10:34:18','',NULL,''),(2004,'新闻上传',0,0,'input','news/news_info/index',NULL,'',1,0,'C','0','0','','build','admin','2025-03-02 11:16:49','admin','2025-03-07 09:28:10',''),(2023,'新闻信息',3,1,'news_info','news/news_info/index',NULL,'',1,0,'C','0','0','news:news_info:list','#','admin','2025-03-06 17:03:59','',NULL,'新闻信息菜单'),(2024,'新闻信息查询',2023,1,'#','',NULL,'',1,0,'F','0','0','news:news_info:query','#','admin','2025-03-06 17:03:59','',NULL,''),(2025,'新闻信息新增',2023,2,'#','',NULL,'',1,0,'F','0','0','news:news_info:add','#','admin','2025-03-06 17:03:59','',NULL,''),(2026,'新闻信息修改',2023,3,'#','',NULL,'',1,0,'F','0','0','news:news_info:edit','#','admin','2025-03-06 17:03:59','',NULL,''),(2027,'新闻信息删除',2023,4,'#','',NULL,'',1,0,'F','0','0','news:news_info:remove','#','admin','2025-03-06 17:03:59','',NULL,''),(2035,'新闻详情',0,1,'data_index','news/news_info/data_index','{\"newsId\": 1}','DataIndex',1,0,'C','1','0',NULL,'build','admin','2025-03-10 08:06:49','admin','2025-03-29 08:01:26',''),(2036,'新闻举报',0,1,'report','report/index',NULL,'Report',1,0,'C','0','0',NULL,'sunny','admin','2025-03-10 09:47:35','admin','2025-03-10 09:47:35',''),(2037,'新闻检测',3,1,'detection_task','detection/detection_task/index',NULL,'',1,0,'C','0','0','detection:detection_task:list','#','admin','2025-03-11 08:25:36','',NULL,'新闻检测菜单'),(2038,'检测任务查询',2037,1,'#','',NULL,'',1,0,'F','0','0','detection:detection_task:query','#','admin','2025-03-11 08:25:36','',NULL,''),(2039,'检测任务新增',2037,2,'#','',NULL,'',1,0,'F','0','0','detection:detection_task:add','#','admin','2025-03-11 08:25:36','',NULL,''),(2040,'检测任务删除',2037,3,'#','',NULL,'',1,0,'F','0','0','detection:detection_task:remove','#','admin','2025-03-11 08:25:36','',NULL,''),(2041,'检测任务导出',2037,4,'#','',NULL,'',1,0,'F','0','0','detection:detection_task:export','#','admin','2025-03-11 08:25:36','',NULL,'');
/*!40000 ALTER TABLE `sys_menu` ENABLE KEYS */;
UNLOCK TABLES;

--
-- Table structure for table `sys_notice`
--

DROP TABLE IF EXISTS `sys_notice`;
/*!40101 SET @saved_cs_client     = @@character_set_client */;
/*!50503 SET character_set_client = utf8mb4 */;
CREATE TABLE `sys_notice` (
  `notice_id` int NOT NULL AUTO_INCREMENT COMMENT '公告ID',
  `notice_title` varchar(50) NOT NULL COMMENT '公告标题',
  `notice_type` char(1) NOT NULL COMMENT '公告类型（1通知 2公告）',
  `notice_content` longblob COMMENT '公告内容',
  `status` char(1) DEFAULT '0' COMMENT '公告状态（0正常 1关闭）',
  `create_by` varchar(64) DEFAULT '' COMMENT '创建者',
  `create_time` datetime DEFAULT NULL COMMENT '创建时间',
  `update_by` varchar(64) DEFAULT '' COMMENT '更新者',
  `update_time` datetime DEFAULT NULL COMMENT '更新时间',
  `remark` varchar(255) DEFAULT NULL COMMENT '备注',
  PRIMARY KEY (`notice_id`)
) ENGINE=InnoDB AUTO_INCREMENT=10 DEFAULT CHARSET=utf8mb4 COLLATE=utf8mb4_0900_ai_ci COMMENT='通知公告表';
/*!40101 SET character_set_client = @saved_cs_client */;

--
-- Dumping data for table `sys_notice`
--

LOCK TABLES `sys_notice` WRITE;
/*!40000 ALTER TABLE `sys_notice` DISABLE KEYS */;
INSERT INTO `sys_notice` VALUES (1,'温馨提醒：2018-07-01 vfadmin新版本发布啦','2',_binary '新版本内容','0','admin','2025-03-02 10:34:19','',NULL,'管理员'),(2,'维护通知：2018-07-01 vfadmin系统凌晨维护','1',_binary '维护内容','0','admin','2025-03-02 10:34:19','',NULL,'管理员');
/*!40000 ALTER TABLE `sys_notice` ENABLE KEYS */;
UNLOCK TABLES;

--
-- Table structure for table `sys_oper_log`
--

DROP TABLE IF EXISTS `sys_oper_log`;
/*!40101 SET @saved_cs_client     = @@character_set_client */;
/*!50503 SET character_set_client = utf8mb4 */;
CREATE TABLE `sys_oper_log` (
  `oper_id` bigint NOT NULL AUTO_INCREMENT COMMENT '日志主键',
  `title` varchar(50) DEFAULT '' COMMENT '模块标题',
  `business_type` int DEFAULT '0' COMMENT '业务类型（0其它 1新增 2修改 3删除）',
  `method` varchar(100) DEFAULT '' COMMENT '方法名称',
  `request_method` varchar(10) DEFAULT '' COMMENT '请求方式',
  `operator_type` int DEFAULT '0' COMMENT '操作类别（0其它 1后台用户 2手机端用户）',
  `oper_name` varchar(50) DEFAULT '' COMMENT '操作人员',
  `dept_name` varchar(50) DEFAULT '' COMMENT '部门名称',
  `oper_url` varchar(255) DEFAULT '' COMMENT '请求URL',
  `oper_ip` varchar(128) DEFAULT '' COMMENT '主机地址',
  `oper_location` varchar(255) DEFAULT '' COMMENT '操作地点',
  `oper_param` varchar(2000) DEFAULT '' COMMENT '请求参数',
  `json_result` varchar(2000) DEFAULT '' COMMENT '返回参数',
  `status` int DEFAULT '0' COMMENT '操作状态（0正常 1异常）',
  `error_msg` varchar(2000) DEFAULT '' COMMENT '错误消息',
  `oper_time` datetime DEFAULT NULL COMMENT '操作时间',
  `cost_time` bigint DEFAULT '0' COMMENT '消耗时间',
  PRIMARY KEY (`oper_id`),
  KEY `idx_sys_oper_log_bt` (`business_type`),
  KEY `idx_sys_oper_log_s` (`status`),
  KEY `idx_sys_oper_log_ot` (`oper_time`)
) ENGINE=InnoDB AUTO_INCREMENT=322 DEFAULT CHARSET=utf8mb4 COLLATE=utf8mb4_0900_ai_ci COMMENT='操作日志记录';
/*!40101 SET character_set_client = @saved_cs_client */;

--
-- Dumping data for table `sys_oper_log`
--

LOCK TABLES `sys_oper_log` WRITE;
/*!40000 ALTER TABLE `sys_oper_log` DISABLE KEYS */;
INSERT INTO `sys_oper_log` VALUES (100,'菜单管理',1,'module_admin.controller.menu_controller.add_system_menu()','POST',1,'admin','研发部门','/dev-api/system/menu','','未知','{\"parentId\": 0, \"menuName\": \"新闻上传\", \"routeName\": \"NewsInput\", \"icon\": \"guide\", \"menuType\": \"C\", \"orderNum\": 0, \"isFrame\": 1, \"isCache\": 0, \"visible\": \"0\", \"status\": \"0\", \"path\": \"newsinput\", \"component\": \"news-input\"}','{\"code\": 200, \"msg\": \"新增成功\", \"success\": true, \"time\": \"2025-03-02T10:50:09.611382\"}',0,'','2025-03-02 10:50:10',2),(101,'菜单管理',1,'module_admin.controller.menu_controller.add_system_menu()','POST',1,'admin','研发部门','/dev-api/system/menu','','未知','{\"parentId\": 2000, \"menuName\": \"单个上传\", \"icon\": \"log\", \"menuType\": \"M\", \"orderNum\": 1, \"isFrame\": 1, \"isCache\": 0, \"visible\": \"0\", \"status\": \"0\", \"path\": \"single\"}','{\"code\": 200, \"msg\": \"新增成功\", \"success\": true, \"time\": \"2025-03-02T10:51:54.236596\"}',0,'','2025-03-02 10:51:54',1),(102,'菜单管理',1,'module_admin.controller.menu_controller.add_system_menu()','POST',1,'admin','研发部门','/dev-api/system/menu','','未知','{\"parentId\": 2000, \"menuName\": \"批量上传\", \"icon\": \"redis\", \"menuType\": \"M\", \"orderNum\": 2, \"isFrame\": 1, \"isCache\": 0, \"visible\": \"0\", \"status\": \"0\", \"path\": \"batch\"}','{\"code\": 200, \"msg\": \"新增成功\", \"success\": true, \"time\": \"2025-03-02T10:53:07.961441\"}',0,'','2025-03-02 10:53:08',1),(103,'菜单管理',2,'module_admin.controller.menu_controller.edit_system_menu()','PUT',1,'admin','研发部门','/dev-api/system/menu','','未知','{\"menuId\": 2001, \"menuName\": \"单个上传\", \"parentId\": 2000, \"orderNum\": 1, \"path\": \"newsinput/single\", \"component\": null, \"query\": null, \"routeName\": \"\", \"isFrame\": 1, \"isCache\": 0, \"menuType\": \"M\", \"visible\": \"0\", \"status\": \"0\", \"perms\": null, \"icon\": \"log\", \"createBy\": \"admin\", \"createTime\": \"2025-03-02T10:51:54\", \"updateBy\": \"admin\", \"updateTime\": \"2025-03-02T10:51:54\", \"remark\": \"\"}','{\"code\": 200, \"msg\": \"更新成功\", \"success\": true, \"time\": \"2025-03-02T10:56:33.439917\"}',0,'','2025-03-02 10:56:33',2),(104,'菜单管理',2,'module_admin.controller.menu_controller.edit_system_menu()','PUT',1,'admin','研发部门','/dev-api/system/menu','','未知','{\"menuId\": 2001, \"menuName\": \"单个上传\", \"parentId\": 2000, \"orderNum\": 1, \"path\": \"newsinput/single\", \"component\": null, \"query\": null, \"routeName\": \"\", \"isFrame\": 1, \"isCache\": 0, \"menuType\": \"M\", \"visible\": \"0\", \"status\": \"0\", \"perms\": null, \"icon\": \"log\", \"createBy\": \"admin\", \"createTime\": \"2025-03-02T10:51:54\", \"updateBy\": \"admin\", \"updateTime\": \"2025-03-02T10:56:33\", \"remark\": \"\"}','{\"code\": 200, \"msg\": \"更新成功\", \"success\": true, \"time\": \"2025-03-02T10:57:13.360253\"}',0,'','2025-03-02 10:57:13',2),(105,'菜单管理',2,'module_admin.controller.menu_controller.edit_system_menu()','PUT',1,'admin','研发部门','/dev-api/system/menu','','未知','{\"menuId\": 2002, \"menuName\": \"批量上传\", \"parentId\": 2000, \"orderNum\": 2, \"path\": \"newsinput/batch\", \"component\": null, \"query\": null, \"routeName\": \"\", \"isFrame\": 1, \"isCache\": 0, \"menuType\": \"M\", \"visible\": \"0\", \"status\": \"0\", \"perms\": null, \"icon\": \"redis\", \"createBy\": \"admin\", \"createTime\": \"2025-03-02T10:53:08\", \"updateBy\": \"admin\", \"updateTime\": \"2025-03-02T10:53:08\", \"remark\": \"\"}','{\"code\": 200, \"msg\": \"更新成功\", \"success\": true, \"time\": \"2025-03-02T10:57:19.863932\"}',0,'','2025-03-02 10:57:20',2),(106,'菜单管理',2,'module_admin.controller.menu_controller.edit_system_menu()','PUT',1,'admin','研发部门','/dev-api/system/menu','','未知','{\"menuId\": 2001, \"menuName\": \"单个上传\", \"parentId\": 2000, \"orderNum\": 1, \"path\": \"newsinput/single/index\", \"component\": null, \"query\": null, \"routeName\": \"\", \"isFrame\": 1, \"isCache\": 0, \"menuType\": \"M\", \"visible\": \"0\", \"status\": \"0\", \"perms\": null, \"icon\": \"log\", \"createBy\": \"admin\", \"createTime\": \"2025-03-02T10:51:54\", \"updateBy\": \"admin\", \"updateTime\": \"2025-03-02T10:57:13\", \"remark\": \"\"}','{\"code\": 200, \"msg\": \"更新成功\", \"success\": true, \"time\": \"2025-03-02T10:58:11.312514\"}',0,'','2025-03-02 10:58:11',1),(107,'菜单管理',2,'module_admin.controller.menu_controller.edit_system_menu()','PUT',1,'admin','研发部门','/dev-api/system/menu','','未知','{\"menuId\": 2002, \"menuName\": \"批量上传\", \"parentId\": 2000, \"orderNum\": 2, \"path\": \"newsinput/batch/index\", \"component\": null, \"query\": null, \"routeName\": \"\", \"isFrame\": 1, \"isCache\": 0, \"menuType\": \"M\", \"visible\": \"0\", \"status\": \"0\", \"perms\": null, \"icon\": \"redis\", \"createBy\": \"admin\", \"createTime\": \"2025-03-02T10:53:08\", \"updateBy\": \"admin\", \"updateTime\": \"2025-03-02T10:57:20\", \"remark\": \"\"}','{\"code\": 200, \"msg\": \"更新成功\", \"success\": true, \"time\": \"2025-03-02T10:58:16.511017\"}',0,'','2025-03-02 10:58:16',2),(108,'菜单管理',1,'module_admin.controller.menu_controller.add_system_menu()','POST',1,'admin','研发部门','/dev-api/system/menu','','未知','{\"parentId\": 0, \"menuName\": \"测试\", \"icon\": \"log\", \"menuType\": \"M\", \"orderNum\": 1, \"isFrame\": 1, \"isCache\": 0, \"visible\": \"0\", \"status\": \"0\", \"path\": \"test\"}','{\"code\": 200, \"msg\": \"新增成功\", \"success\": true, \"time\": \"2025-03-02T10:58:35.991675\"}',0,'','2025-03-02 10:58:36',1),(109,'菜单管理',2,'module_admin.controller.menu_controller.edit_system_menu()','PUT',1,'admin','研发部门','/dev-api/system/menu','','未知','{\"menuId\": 2003, \"menuName\": \"测试\", \"parentId\": 0, \"orderNum\": 1, \"path\": \"test\", \"component\": null, \"query\": null, \"routeName\": \"\", \"isFrame\": 1, \"isCache\": 0, \"menuType\": \"C\", \"visible\": \"0\", \"status\": \"0\", \"perms\": null, \"icon\": \"log\", \"createBy\": \"admin\", \"createTime\": \"2025-03-02T10:58:36\", \"updateBy\": \"admin\", \"updateTime\": \"2025-03-02T10:58:36\", \"remark\": \"\"}','{\"code\": 200, \"msg\": \"更新成功\", \"success\": true, \"time\": \"2025-03-02T11:02:04.500483\"}',0,'','2025-03-02 11:02:04',2),(110,'菜单管理',3,'module_admin.controller.menu_controller.delete_system_menu()','DELETE',1,'admin','研发部门','/dev-api/system/menu/2003','','未知','{\"menu_ids\": \"2003\"}','{\"code\": 200, \"msg\": \"删除成功\", \"success\": true, \"time\": \"2025-03-02T11:03:27.619386\"}',0,'','2025-03-02 11:03:28',1),(111,'菜单管理',2,'module_admin.controller.menu_controller.edit_system_menu()','PUT',1,'admin','研发部门','/dev-api/system/menu','','未知','{\"menuId\": 2000, \"menuName\": \"新闻上传\", \"parentId\": 0, \"orderNum\": 0, \"path\": \"newsinput\", \"component\": \"news-input\", \"query\": null, \"routeName\": \"NewsInput\", \"isFrame\": 1, \"isCache\": 0, \"menuType\": \"M\", \"visible\": \"0\", \"status\": \"0\", \"perms\": null, \"icon\": \"guide\", \"createBy\": \"admin\", \"createTime\": \"2025-03-02T10:50:10\", \"updateBy\": \"admin\", \"updateTime\": \"2025-03-02T10:50:10\", \"remark\": \"\"}','{\"code\": 200, \"msg\": \"更新成功\", \"success\": true, \"time\": \"2025-03-02T11:03:56.964711\"}',0,'','2025-03-02 11:03:57',2),(112,'菜单管理',2,'module_admin.controller.menu_controller.edit_system_menu()','PUT',1,'admin','研发部门','/dev-api/system/menu','','未知','{\"menuId\": 2001, \"menuName\": \"单个上传\", \"parentId\": 2000, \"orderNum\": 1, \"path\": \"newsinput/single/index\", \"component\": null, \"query\": null, \"routeName\": \"\", \"isFrame\": 1, \"isCache\": 0, \"menuType\": \"C\", \"visible\": \"0\", \"status\": \"0\", \"perms\": null, \"icon\": \"log\", \"createBy\": \"admin\", \"createTime\": \"2025-03-02T10:51:54\", \"updateBy\": \"admin\", \"updateTime\": \"2025-03-02T10:58:11\", \"remark\": \"\"}','{\"code\": 200, \"msg\": \"更新成功\", \"success\": true, \"time\": \"2025-03-02T11:04:22.700611\"}',0,'','2025-03-02 11:04:23',2),(113,'菜单管理',2,'module_admin.controller.menu_controller.edit_system_menu()','PUT',1,'admin','研发部门','/dev-api/system/menu','','未知','{\"menuId\": 2002, \"menuName\": \"批量上传\", \"parentId\": 2000, \"orderNum\": 2, \"path\": \"newsinput/batch/index\", \"component\": null, \"query\": null, \"routeName\": \"\", \"isFrame\": 1, \"isCache\": 0, \"menuType\": \"C\", \"visible\": \"0\", \"status\": \"0\", \"perms\": null, \"icon\": \"redis\", \"createBy\": \"admin\", \"createTime\": \"2025-03-02T10:53:08\", \"updateBy\": \"admin\", \"updateTime\": \"2025-03-02T10:58:16\", \"remark\": \"\"}','{\"code\": 200, \"msg\": \"更新成功\", \"success\": true, \"time\": \"2025-03-02T11:04:26.656210\"}',0,'','2025-03-02 11:04:27',2),(114,'菜单管理',2,'module_admin.controller.menu_controller.edit_system_menu()','PUT',1,'admin','研发部门','/dev-api/system/menu','','未知','{\"menuId\": 2001, \"menuName\": \"单个上传\", \"parentId\": 2000, \"orderNum\": 1, \"path\": \"newsinput/single/index\", \"component\": \"paste-box/index\", \"query\": null, \"routeName\": \"\", \"isFrame\": 1, \"isCache\": 0, \"menuType\": \"C\", \"visible\": \"0\", \"status\": \"0\", \"perms\": null, \"icon\": \"log\", \"createBy\": \"admin\", \"createTime\": \"2025-03-02T10:51:54\", \"updateBy\": \"admin\", \"updateTime\": \"2025-03-02T11:04:23\", \"remark\": \"\"}','{\"code\": 200, \"msg\": \"更新成功\", \"success\": true, \"time\": \"2025-03-02T11:11:27.337357\"}',0,'','2025-03-02 11:11:27',2),(115,'菜单管理',2,'module_admin.controller.menu_controller.edit_system_menu()','PUT',1,'admin','研发部门','/dev-api/system/menu','','未知','{\"menuId\": 2001, \"menuName\": \"单个上传\", \"parentId\": 2000, \"orderNum\": 1, \"path\": \"newsinput/single/index\", \"component\": \"paste-box/index\", \"query\": null, \"routeName\": \"\", \"isFrame\": 1, \"isCache\": 0, \"menuType\": \"C\", \"visible\": \"0\", \"status\": \"0\", \"perms\": \"paste-box:list\", \"icon\": \"log\", \"createBy\": \"admin\", \"createTime\": \"2025-03-02T10:51:54\", \"updateBy\": \"admin\", \"updateTime\": \"2025-03-02T11:11:27\", \"remark\": \"\"}','{\"code\": 200, \"msg\": \"更新成功\", \"success\": true, \"time\": \"2025-03-02T11:13:49.623516\"}',0,'','2025-03-02 11:13:50',2),(116,'菜单管理',1,'module_admin.controller.menu_controller.add_system_menu()','POST',1,'admin','研发部门','/dev-api/system/menu','','未知','{\"parentId\": 0, \"menuName\": \"测试\", \"icon\": \"build\", \"menuType\": \"C\", \"orderNum\": 1, \"isFrame\": 1, \"isCache\": 0, \"visible\": \"0\", \"status\": \"0\", \"component\": \"paste-box/index\", \"path\": \"input\"}','{\"code\": 200, \"msg\": \"新增成功\", \"success\": true, \"time\": \"2025-03-02T11:16:49.086946\"}',0,'','2025-03-02 11:16:49',1),(117,'菜单管理',2,'module_admin.controller.menu_controller.edit_system_menu()','PUT',1,'admin','研发部门','/dev-api/system/menu','','未知','{\"menuId\": 2001, \"menuName\": \"单个上传\", \"parentId\": 2000, \"orderNum\": 1, \"path\": \"newsinput/single/index\", \"component\": \"paste-box/index\", \"query\": null, \"routeName\": \"\", \"isFrame\": 1, \"isCache\": 0, \"menuType\": \"C\", \"visible\": \"0\", \"status\": \"0\", \"perms\": \"\", \"icon\": \"log\", \"createBy\": \"admin\", \"createTime\": \"2025-03-02T10:51:54\", \"updateBy\": \"admin\", \"updateTime\": \"2025-03-02T11:13:50\", \"remark\": \"\"}','{\"code\": 200, \"msg\": \"更新成功\", \"success\": true, \"time\": \"2025-03-02T11:18:04.588493\"}',0,'','2025-03-02 11:18:05',2),(118,'菜单管理',2,'module_admin.controller.menu_controller.edit_system_menu()','PUT',1,'admin','研发部门','/dev-api/system/menu','','未知','{\"menuId\": 2001, \"menuName\": \"单个上传\", \"parentId\": 2000, \"orderNum\": 1, \"path\": \"single\", \"component\": \"paste-box/index\", \"query\": null, \"routeName\": \"\", \"isFrame\": 1, \"isCache\": 0, \"menuType\": \"C\", \"visible\": \"0\", \"status\": \"0\", \"perms\": \"\", \"icon\": \"log\", \"createBy\": \"admin\", \"createTime\": \"2025-03-02T10:51:54\", \"updateBy\": \"admin\", \"updateTime\": \"2025-03-02T11:18:05\", \"remark\": \"\"}','{\"code\": 200, \"msg\": \"更新成功\", \"success\": true, \"time\": \"2025-03-02T11:18:20.170394\"}',0,'','2025-03-02 11:18:20',2),(119,'菜单管理',2,'module_admin.controller.menu_controller.edit_system_menu()','PUT',1,'admin','研发部门','/dev-api/system/menu','','未知','{\"menuId\": 2001, \"menuName\": \"单个上传\", \"parentId\": 2000, \"orderNum\": 1, \"path\": \"single\", \"component\": \"paste-box/index\", \"query\": null, \"routeName\": \"\", \"isFrame\": 1, \"isCache\": 0, \"menuType\": \"C\", \"visible\": \"0\", \"status\": \"0\", \"perms\": \"\", \"icon\": \"log\", \"createBy\": \"admin\", \"createTime\": \"2025-03-02T10:51:54\", \"updateBy\": \"admin\", \"updateTime\": \"2025-03-02T11:18:20\", \"remark\": \"\"}','{\"code\": 200, \"msg\": \"更新成功\", \"success\": true, \"time\": \"2025-03-02T11:18:43.101836\"}',0,'','2025-03-02 11:18:43',2),(120,'菜单管理',2,'module_admin.controller.menu_controller.edit_system_menu()','PUT',1,'admin','研发部门','/dev-api/system/menu','','未知','{\"menuId\": 2001, \"menuName\": \"单个上传\", \"parentId\": 2000, \"orderNum\": 1, \"path\": \"single\", \"component\": \"newsinput/paste-box/index\", \"query\": null, \"routeName\": \"\", \"isFrame\": 1, \"isCache\": 0, \"menuType\": \"C\", \"visible\": \"0\", \"status\": \"0\", \"perms\": \"\", \"icon\": \"log\", \"createBy\": \"admin\", \"createTime\": \"2025-03-02T10:51:54\", \"updateBy\": \"admin\", \"updateTime\": \"2025-03-02T11:18:43\", \"remark\": \"\"}','{\"code\": 200, \"msg\": \"更新成功\", \"success\": true, \"time\": \"2025-03-02T11:19:26.799183\"}',0,'','2025-03-02 11:19:27',2),(121,'菜单管理',2,'module_admin.controller.menu_controller.edit_system_menu()','PUT',1,'admin','研发部门','/dev-api/system/menu','','未知','{\"menuId\": 2000, \"menuName\": \"新闻上传\", \"parentId\": 0, \"orderNum\": 0, \"path\": \"newsinput\", \"component\": \"\", \"query\": null, \"routeName\": \"NewsInput\", \"isFrame\": 1, \"isCache\": 0, \"menuType\": \"M\", \"visible\": \"0\", \"status\": \"0\", \"perms\": null, \"icon\": \"guide\", \"createBy\": \"admin\", \"createTime\": \"2025-03-02T10:50:10\", \"updateBy\": \"admin\", \"updateTime\": \"2025-03-02T11:03:57\", \"remark\": \"\"}','{\"code\": 200, \"msg\": \"更新成功\", \"success\": true, \"time\": \"2025-03-02T11:20:24.785399\"}',0,'','2025-03-02 11:20:25',2),(122,'菜单管理',2,'module_admin.controller.menu_controller.edit_system_menu()','PUT',1,'admin','研发部门','/dev-api/system/menu','','未知','{\"menuId\": 2001, \"menuName\": \"单个上传\", \"parentId\": 2000, \"orderNum\": 1, \"path\": \"single\", \"component\": \"newsinput/single/index\", \"query\": null, \"routeName\": \"\", \"isFrame\": 1, \"isCache\": 0, \"menuType\": \"C\", \"visible\": \"0\", \"status\": \"0\", \"perms\": \"\", \"icon\": \"log\", \"createBy\": \"admin\", \"createTime\": \"2025-03-02T10:51:54\", \"updateBy\": \"admin\", \"updateTime\": \"2025-03-02T11:19:27\", \"remark\": \"\"}','{\"code\": 200, \"msg\": \"更新成功\", \"success\": true, \"time\": \"2025-03-02T15:40:05.855858\"}',0,'','2025-03-02 15:40:06',2),(123,'菜单管理',2,'module_admin.controller.menu_controller.edit_system_menu()','PUT',1,'admin','研发部门','/dev-api/system/menu','','未知','{\"menuId\": 2001, \"menuName\": \"单个上传\", \"parentId\": 2000, \"orderNum\": 1, \"path\": \"single\", \"component\": \"newsinput/single/modules\", \"query\": null, \"routeName\": \"\", \"isFrame\": 1, \"isCache\": 0, \"menuType\": \"C\", \"visible\": \"0\", \"status\": \"0\", \"perms\": \"\", \"icon\": \"log\", \"createBy\": \"admin\", \"createTime\": \"2025-03-02T10:51:54\", \"updateBy\": \"admin\", \"updateTime\": \"2025-03-02T15:40:06\", \"remark\": \"\"}','{\"code\": 200, \"msg\": \"更新成功\", \"success\": true, \"time\": \"2025-03-03T08:25:26.795347\"}',0,'','2025-03-03 08:25:27',1),(124,'菜单管理',2,'module_admin.controller.menu_controller.edit_system_menu()','PUT',1,'admin','研发部门','/dev-api/system/menu','','未知','{\"menuId\": 2001, \"menuName\": \"单个上传\", \"parentId\": 2000, \"orderNum\": 1, \"path\": \"single\", \"component\": \"newsinput/single/index\", \"query\": null, \"routeName\": \"\", \"isFrame\": 1, \"isCache\": 0, \"menuType\": \"C\", \"visible\": \"0\", \"status\": \"0\", \"perms\": \"\", \"icon\": \"log\", \"createBy\": \"admin\", \"createTime\": \"2025-03-02T10:51:54\", \"updateBy\": \"admin\", \"updateTime\": \"2025-03-03T08:25:27\", \"remark\": \"\"}','{\"code\": 200, \"msg\": \"更新成功\", \"success\": true, \"time\": \"2025-03-03T08:25:53.135246\"}',0,'','2025-03-03 08:25:53',1),(125,'创建表',0,'module_generator.controller.gen_controller.create_table()','POST',1,'admin','研发部门','/dev-api/tool/gen/createTable','','未知','{}','{\"code\": 500, \"msg\": \"建表语句不合法\", \"success\": false, \"time\": \"2025-03-03T08:44:27.342446\"}',1,'建表语句不合法','2025-03-03 08:44:27',0),(126,'菜单管理',2,'module_admin.controller.menu_controller.edit_system_menu()','PUT',1,'admin','研发部门','/dev-api/system/menu','','未知','{\"menuId\": 2002, \"menuName\": \"批量上传\", \"parentId\": 2000, \"orderNum\": 2, \"path\": \"batch\", \"component\": \"newsinput/batch/index\", \"query\": null, \"routeName\": \"\", \"isFrame\": 1, \"isCache\": 0, \"menuType\": \"C\", \"visible\": \"0\", \"status\": \"0\", \"perms\": null, \"icon\": \"redis\", \"createBy\": \"admin\", \"createTime\": \"2025-03-02T10:53:08\", \"updateBy\": \"admin\", \"updateTime\": \"2025-03-02T11:04:27\", \"remark\": \"\"}','{\"code\": 200, \"msg\": \"更新成功\", \"success\": true, \"time\": \"2025-03-03T09:53:28.098833\"}',0,'','2025-03-03 09:53:28',2),(127,'字典类型',1,'module_admin.controller.dict_controller.add_system_dict_type()','POST',1,'admin','研发部门','/dev-api/system/dict/type','','未知','{\"dictName\": \"啊\", \"dictType\": \"q\", \"status\": \"0\", \"remark\": \"啊\"}','{\"code\": 200, \"msg\": \"新增成功\", \"success\": true, \"time\": \"2025-03-04T09:30:52.924252\"}',0,'','2025-03-04 09:30:53',32),(128,'字典类型',1,'module_admin.controller.dict_controller.add_system_dict_type()','POST',1,'admin','研发部门','/dev-api/system/dict/type','','未知','{\"dictName\": \"a\", \"dictType\": \"a\", \"status\": \"0\", \"remark\": \"a\"}','{\"code\": 200, \"msg\": \"新增成功\", \"success\": true, \"time\": \"2025-03-04T09:31:03.636338\"}',0,'','2025-03-04 09:31:04',1),(129,'字典类型',3,'module_admin.controller.dict_controller.delete_system_dict_type()','DELETE',1,'admin','研发部门','/dev-api/system/dict/type/100','','未知','{\"dict_ids\": \"100\"}','{\"code\": 200, \"msg\": \"删除成功\", \"success\": true, \"time\": \"2025-03-04T09:31:08.252835\"}',0,'','2025-03-04 09:31:08',1),(130,'字典类型',3,'module_admin.controller.dict_controller.delete_system_dict_type()','DELETE',1,'admin','研发部门','/dev-api/system/dict/type/101','','未知','{\"dict_ids\": \"101\"}','{\"code\": 200, \"msg\": \"删除成功\", \"success\": true, \"time\": \"2025-03-04T09:31:10.211637\"}',0,'','2025-03-04 09:31:10',1),(131,'字典类型',5,'module_admin.controller.dict_controller.export_system_dict_type_list()','POST',1,'admin','研发部门','/dev-api/system/dict/type/export','','未知','pageNum: 1\npageSize: 10','{\"code\": 200, \"message\": \"获取成功\"}',0,'','2025-03-04 09:31:43',4),(132,'字典类型',1,'module_admin.controller.dict_controller.add_system_dict_type()','POST',1,'admin','研发部门','/dev-api/system/dict/type','','未知','{\"dictName\": \"a\", \"dictType\": \"a\", \"status\": \"0\", \"remark\": \"aaaaaaaaaaaaaaaaaaaaaaaaaaaaaaaaaaaaaaaaaaaaaaaaaaaaaaaaaaaaaaaaaaaaaaaaaaaaaaaaaaaaaaaaaaaaaaaaaaaaaaaaaaaaaaaaaaaaaaaaaaaaaaaaaaaaaaaaaaaaaaaaaaaaaaaaaaaaaaaaaaaaaaaaaaaaaaaaaaaaaaaaaaaaaaaaaaaaaaaaaaaaaaaaaaaaaaaaaaaaaaaaaaaaaaaaaaaaaaaaaaaaaaaaaaaaaaaaaaaaaaaaaaaaaaaaaaaaaaaaaaaaaaaaaaaaaaaaaaaaaaaaaaaaaaaaaaaaaaaaaaaaaaaaaaaaaaaaaaaaaaaaaaaaaaaaaaaaaaaaaaaaaaaaaaaaaaaaaaaaaaaaaaaaaaaaaaaaaaaaaaaaaaaaaaaaaaaaaaaaaaaaaaaaaaaaaaaaaaaaaaaaaaaaaaaaaaaaaaaaaaaaaaaaaaaaaaaaaaaaaaaaaaaaaaaaaaaaaaaaaaaaaaaaaaaaaaaaaaaaaaaaaaaaaaaaaaaaaaaaaaaaaaaaaaaaaaaaaaaaaaaaaaaaaaaaaaaaaaaaaaaaaaaaaaaaaaaaaaaaaaaaaaaaaaaaaaaaaaaaaaaaaaaaaaaaaaaaaaaaaaaaaaaaaaaaaaaaaaaaaaaaaaaaaaaaaaaaaaaaaaaaaaaaaaaaaaaaaaaaaaaaaaaaaaaaaaaaaaaaaaaaaaaaaaaaaaaaaaaaaaaaaaaaaaaaaaaaaaaaaaaaaaaaaaaaaaaaaaaaaaaaaaaaaaaaaaaaaaaaaaaaaaaaaaaaaaaaaaaaaaaaaaaaaaaaaaaaaaaaaaaaaaaaaaaaaaaaaaaaaaaaaaaaaaaaaaaaaaaaaaaaaaaaaaaaaaaaaaaaaaaaaaaaaaaaaaaaaaaaaaaaaaaa\"}','{\"code\": 500, \"msg\": \"(asyncmy.errors.DataError) (1406, \\\"Data too long for column \'remark\' at row 1\\\")\\n[SQL: INSERT INTO sys_dict_type (dict_name, dict_type, status, create_by, create_time, update_by, update_time, remark) VALUES (%s, %s, %s, %s, %s, %s, %s, %s)]\\n[parameters: (\'a\', \'a\', \'0\', \'admin\', datetime.datetime(2025, 3, 4, 9, 44, 51, 989685), \'admin\', datetime.datetime(2025, 3, 4, 9, 44, 51, 989685), \'aaaaaaaaaaaaaaaaaaaaaaaaaaaaaaaaaaaaaaaaaaaaaaaaaaaaaaaaaaaaaaaaaaaaaaaaaaaaaaaaaaaaaaaaaaaaaaaaaaaaaaaaaaaaaaaaaaaaaaaaaaaaaaaaaaaaaaaaaaaaaaaaaaaaa ... (630 characters truncated) ... aaaaaaaaaaaaaaaaaaaaaaaaaaaaaaaaaaaaaaaaaaaaaaaaaaaaaaaaaaaaaaaaaaaaaaaaaaaaaaaaaaaaaaaaaaaaaaaaaaaaaaaaaaaaaaaaaaaaaaaaaaaaaaaaaaaaaaaaaaaaaaaaaaaaa\')]\\n(Background on this error at: https://sqlalche.me/e/20/9h9h)\", \"success\": false, \"time\": \"2025-03-04T09:44:52.079742\"}',1,'(asyncmy.errors.DataError) (1406, \"Data too long for column \'remark\' at row 1\")\n[SQL: INSERT INTO sys_dict_type (dict_name, dict_type, status, create_by, create_time, update_by, update_time, remark) VALUES (%s, %s, %s, %s, %s, %s, %s, %s)]\n[parameters: (\'a\', \'a\', \'0\', \'admin\', datetime.datetime(2025, 3, 4, 9, 44, 51, 989685), \'admin\', datetime.datetime(2025, 3, 4, 9, 44, 51, 989685), \'aaaaaaaaaaaaaaaaaaaaaaaaaaaaaaaaaaaaaaaaaaaaaaaaaaaaaaaaaaaaaaaaaaaaaaaaaaaaaaaaaaaaaaaaaaaaaaaaaaaaaaaaaaaaaaaaaaaaaaaaaaaaaaaaaaaaaaaaaaaaaaaaaaaaa ... (630 characters truncated) ... aaaaaaaaaaaaaaaaaaaaaaaaaaaaaaaaaaaaaaaaaaaaaaaaaaaaaaaaaaaaaaaaaaaaaaaaaaaaaaaaaaaaaaaaaaaaaaaaaaaaaaaaaaaaaaaaaaaaaaaaaaaaaaaaaaaaaaaaaaaaaaaaaaaaa\')]\n(Background on this error at: https://sqlalche.me/e/20/9h9h)','2025-03-04 09:44:52',9),(133,'字典类型',1,'module_admin.controller.dict_controller.add_system_dict_type()','POST',1,'admin','研发部门','/dev-api/system/dict/type','','未知','{\"dictName\": \"a\", \"dictType\": \"a\", \"status\": \"0\", \"remark\": \"aaaaaaaaaaaaaaaaaaaaaaaaaaaaaaaaaaaaaaaaaaaaaaaaaaaaaaaaaaaaaaaaaaaaaaaaaaaaaaaaaaaaaaaaaaaaaaaaaaaaa\"}','{\"code\": 200, \"msg\": \"新增成功\", \"success\": true, \"time\": \"2025-03-04T09:45:00.030480\"}',0,'','2025-03-04 09:45:00',0),(134,'字典类型',3,'module_admin.controller.dict_controller.delete_system_dict_type()','DELETE',1,'admin','研发部门','/dev-api/system/dict/type/102','','未知','{\"dict_ids\": \"102\"}','{\"code\": 200, \"msg\": \"删除成功\", \"success\": true, \"time\": \"2025-03-04T09:45:08.897169\"}',0,'','2025-03-04 09:45:09',0),(135,'新闻信息',2,'module_news.controller.news_info_controller.edit_news_news_info()','PUT',1,'admin','研发部门','/dev-api/news/news_info','','未知','{\"newsId\": 0, \"newsContent\": \"string\", \"userId\": 0, \"imgId\": 0, \"newsimgList\": [{\"imgId\": 0, \"imgTitle\": \"string\", \"imgDis\": \"string\", \"imgUrl\": \"string\"}]}','{\"code\": 500, \"msg\": \"\\\"News_infoModel\\\" object has no field \\\"update_by\\\"\", \"success\": false, \"time\": \"2025-03-05T09:53:22.534384\"}',1,'\"News_infoModel\" object has no field \"update_by\"','2025-03-05 09:53:22',6),(136,'新闻信息',2,'module_news.controller.news_info_controller.edit_news_news_info()','PUT',1,'admin','研发部门','/dev-api/news/news_info','','未知','{\"newsId\": 0, \"newsContent\": \"string\", \"userId\": 0, \"imgId\": 0, \"newsimgList\": [{\"imgId\": 0, \"imgTitle\": \"string\", \"imgDis\": \"string\", \"imgUrl\": \"string\"}]}','{\"code\": 500, \"msg\": \"\\\"News_infoModel\\\" object has no field \\\"update_by\\\"\", \"success\": false, \"time\": \"2025-03-05T09:53:26.314723\"}',1,'\"News_infoModel\" object has no field \"update_by\"','2025-03-05 09:53:26',1),(137,'新闻信息',2,'module_news.controller.news_info_controller.edit_news_news_info()','PUT',1,'admin','研发部门','/dev-api/news/news_info','','未知','{\"newsId\": 0, \"newsContent\": \"我了个去\", \"userId\": 0, \"imgId\": 0, \"newsimgList\": [{\"imgId\": 0, \"imgTitle\": \"呵呵\", \"imgDis\": \"牛了\", \"imgUrl\": \"这是地址\"}]}','{\"code\": 500, \"msg\": \"\\\"News_infoModel\\\" object has no field \\\"update_by\\\"\", \"success\": false, \"time\": \"2025-03-05T09:56:28.464674\"}',1,'\"News_infoModel\" object has no field \"update_by\"','2025-03-05 09:56:28',1),(138,'新闻信息',2,'module_news.controller.news_info_controller.edit_news_news_info()','PUT',1,'admin','研发部门','/dev-api/news/news_info','','未知','{\"newsId\": 0, \"newsContent\": \"我了个去\", \"userId\": 0, \"imgId\": 0, \"newsimgList\": [{\"imgId\": 0, \"imgTitle\": \"呵呵\", \"imgDis\": \"牛了\", \"imgUrl\": \"这是地址\"}]}','{\"code\": 500, \"msg\": \"\\\"News_infoModel\\\" object has no field \\\"update_by\\\"\", \"success\": false, \"time\": \"2025-03-05T09:56:32.401583\"}',1,'\"News_infoModel\" object has no field \"update_by\"','2025-03-05 09:56:32',1),(139,'新闻信息',2,'module_news.controller.news_info_controller.edit_news_news_info()','PUT',1,'admin','研发部门','/dev-api/news/news_info','','未知','{\"newsId\": 0, \"newsContent\": \"我了个去\", \"userId\": 0, \"imgId\": 0, \"newsimgList\": [{\"imgId\": 0, \"imgTitle\": \"呵呵\", \"imgDis\": \"牛了\", \"imgUrl\": \"这是地址\"}]}','{\"code\": 500, \"msg\": \"\\\"News_infoModel\\\" object has no field \\\"update_by\\\"\", \"success\": false, \"time\": \"2025-03-05T09:56:44.767796\"}',1,'\"News_infoModel\" object has no field \"update_by\"','2025-03-05 09:56:45',1),(140,'新闻信息',2,'module_news.controller.news_info_controller.edit_news_news_info()','PUT',1,'admin','研发部门','/dev-api/news/news_info','','未知','{\"newsId\": 0, \"newsContent\": \"我了个去\", \"userId\": 0, \"imgId\": 0, \"newsimgList\": [{\"imgId\": 0, \"imgTitle\": \"呵呵\", \"imgDis\": \"牛了\", \"imgUrl\": \"这是地址\"}]}','{\"code\": 500, \"msg\": \"\\\"News_infoModel\\\" object has no field \\\"update_by\\\"\", \"success\": false, \"time\": \"2025-03-05T09:56:55.533402\"}',1,'\"News_infoModel\" object has no field \"update_by\"','2025-03-05 09:56:56',1),(141,'菜单管理',2,'module_admin.controller.menu_controller.edit_system_menu()','PUT',1,'admin','研发部门','/dev-api/system/menu','','未知','{\"menuId\": 2004, \"menuName\": \"测试\", \"parentId\": 0, \"orderNum\": 1, \"path\": \"input\", \"component\": \"newsinput/batch/test\", \"query\": null, \"routeName\": \"\", \"isFrame\": 1, \"isCache\": 0, \"menuType\": \"C\", \"visible\": \"0\", \"status\": \"0\", \"perms\": null, \"icon\": \"build\", \"createBy\": \"admin\", \"createTime\": \"2025-03-02T11:16:49\", \"updateBy\": \"admin\", \"updateTime\": \"2025-03-02T11:16:49\", \"remark\": \"\"}','{\"code\": 200, \"msg\": \"更新成功\", \"success\": true, \"time\": \"2025-03-05T10:01:50.700122\"}',0,'','2025-03-05 10:01:51',1),(142,'新闻信息',1,'module_news.controller.news_info_controller.add_news_news_info()','POST',1,'admin','研发部门','/dev-api/news/news_info','','未知','{\"newsId\": 0, \"newsContent\": \"我了个去\", \"userId\": 0, \"imgId\": 0, \"newsimgList\": [{\"imgId\": 0, \"imgTitle\": \"呵呵\", \"imgDis\": \"牛了\", \"imgUrl\": \"这是地址\"}]}','{\"code\": 500, \"msg\": \"(asyncmy.errors.IntegrityError) (1452, \'Cannot add or update a child row: a foreign key constraint fails (`test`.`news_info`, CONSTRAINT `news_info_sys_user_FK` FOREIGN KEY (`user_id`) REFERENCES `sys_user` (`user_id`) ON DELETE CASCADE ON UPDATE CASCADE)\')\\n[SQL: INSERT INTO news_info (news_id, news_content, user_id, img_id) VALUES (%s, %s, %s, %s)]\\n[parameters: (0, \'我了个去\', 0, 0)]\\n(Background on this error at: https://sqlalche.me/e/20/gkpj)\", \"success\": false, \"time\": \"2025-03-05T10:01:55.488617\"}',1,'(asyncmy.errors.IntegrityError) (1452, \'Cannot add or update a child row: a foreign key constraint fails (`test`.`news_info`, CONSTRAINT `news_info_sys_user_FK` FOREIGN KEY (`user_id`) REFERENCES `sys_user` (`user_id`) ON DELETE CASCADE ON UPDATE CASCADE)\')\n[SQL: INSERT INTO news_info (news_id, news_content, user_id, img_id) VALUES (%s, %s, %s, %s)]\n[parameters: (0, \'我了个去\', 0, 0)]\n(Background on this error at: https://sqlalche.me/e/20/gkpj)','2025-03-05 10:01:55',7),(143,'新闻信息',1,'module_news.controller.news_info_controller.add_news_news_info()','POST',1,'admin','研发部门','/dev-api/news/news_info','','未知','{\"newsId\": 0, \"newsContent\": \"我了个去\", \"userId\": 0, \"imgId\": 0, \"newsimgList\": [{\"imgId\": 0, \"imgTitle\": \"呵呵\", \"imgDis\": \"牛了\", \"imgUrl\": \"这是地址\"}]}','{\"code\": 500, \"msg\": \"(asyncmy.errors.IntegrityError) (1452, \'Cannot add or update a child row: a foreign key constraint fails (`test`.`news_info`, CONSTRAINT `news_info_sys_user_FK` FOREIGN KEY (`user_id`) REFERENCES `sys_user` (`user_id`) ON DELETE CASCADE ON UPDATE CASCADE)\')\\n[SQL: INSERT INTO news_info (news_id, news_content, user_id, img_id) VALUES (%s, %s, %s, %s)]\\n[parameters: (0, \'我了个去\', 0, 0)]\\n(Background on this error at: https://sqlalche.me/e/20/gkpj)\", \"success\": false, \"time\": \"2025-03-05T10:02:09.208986\"}',1,'(asyncmy.errors.IntegrityError) (1452, \'Cannot add or update a child row: a foreign key constraint fails (`test`.`news_info`, CONSTRAINT `news_info_sys_user_FK` FOREIGN KEY (`user_id`) REFERENCES `sys_user` (`user_id`) ON DELETE CASCADE ON UPDATE CASCADE)\')\n[SQL: INSERT INTO news_info (news_id, news_content, user_id, img_id) VALUES (%s, %s, %s, %s)]\n[parameters: (0, \'我了个去\', 0, 0)]\n(Background on this error at: https://sqlalche.me/e/20/gkpj)','2025-03-05 10:02:09',6),(144,'新闻信息',1,'module_news.controller.news_info_controller.add_news_news_info()','POST',1,'admin','研发部门','/dev-api/news/news_info','','未知','{\"newsId\": 0, \"newsContent\": \"我了个去\", \"userId\": 0, \"imgId\": 0, \"newsimgList\": [{\"imgId\": 0, \"imgTitle\": \"呵呵\", \"imgDis\": \"牛了\", \"imgUrl\": \"这是地址\"}]}','{\"code\": 500, \"msg\": \"(asyncmy.errors.IntegrityError) (1452, \'Cannot add or update a child row: a foreign key constraint fails (`test`.`news_info`, CONSTRAINT `news_info_sys_user_FK` FOREIGN KEY (`user_id`) REFERENCES `sys_user` (`user_id`) ON DELETE CASCADE ON UPDATE CASCADE)\')\\n[SQL: INSERT INTO news_info (news_id, news_content, user_id, img_id) VALUES (%s, %s, %s, %s)]\\n[parameters: (0, \'我了个去\', 0, 0)]\\n(Background on this error at: https://sqlalche.me/e/20/gkpj)\", \"success\": false, \"time\": \"2025-03-05T10:02:48.524511\"}',1,'(asyncmy.errors.IntegrityError) (1452, \'Cannot add or update a child row: a foreign key constraint fails (`test`.`news_info`, CONSTRAINT `news_info_sys_user_FK` FOREIGN KEY (`user_id`) REFERENCES `sys_user` (`user_id`) ON DELETE CASCADE ON UPDATE CASCADE)\')\n[SQL: INSERT INTO news_info (news_id, news_content, user_id, img_id) VALUES (%s, %s, %s, %s)]\n[parameters: (0, \'我了个去\', 0, 0)]\n(Background on this error at: https://sqlalche.me/e/20/gkpj)','2025-03-05 10:02:48',3),(145,'新闻信息',1,'module_news.controller.news_info_controller.add_news_news_info()','POST',1,'admin','研发部门','/dev-api/news/news_info','','未知','{\"newsId\": 0, \"newsContent\": \"测试我了个去\", \"userId\": 1, \"imgId\": 0, \"newsimgList\": [{\"imgId\": 0, \"imgTitle\": \"呵呵\", \"imgDis\": \"牛了\", \"imgUrl\": \"这是地址\"}]}','{\"code\": 500, \"msg\": \"(asyncmy.errors.IntegrityError) (1452, \'Cannot add or update a child row: a foreign key constraint fails (`test`.`news_info`, CONSTRAINT `news_info_news_img_FK` FOREIGN KEY (`img_id`) REFERENCES `news_img` (`img_id`) ON DELETE CASCADE ON UPDATE CASCADE)\')\\n[SQL: INSERT INTO news_info (news_id, news_content, user_id, img_id) VALUES (%s, %s, %s, %s)]\\n[parameters: (0, \'测试我了个去\', 1, 0)]\\n(Background on this error at: https://sqlalche.me/e/20/gkpj)\", \"success\": false, \"time\": \"2025-03-05T10:07:15.727602\"}',1,'(asyncmy.errors.IntegrityError) (1452, \'Cannot add or update a child row: a foreign key constraint fails (`test`.`news_info`, CONSTRAINT `news_info_news_img_FK` FOREIGN KEY (`img_id`) REFERENCES `news_img` (`img_id`) ON DELETE CASCADE ON UPDATE CASCADE)\')\n[SQL: INSERT INTO news_info (news_id, news_content, user_id, img_id) VALUES (%s, %s, %s, %s)]\n[parameters: (0, \'测试我了个去\', 1, 0)]\n(Background on this error at: https://sqlalche.me/e/20/gkpj)','2025-03-05 10:07:16',2),(146,'新闻信息',1,'module_news.controller.news_info_controller.add_news_news_info()','POST',1,'admin','研发部门','/dev-api/news/news_info','','未知','{\"newsId\": 0, \"newsContent\": \"测试我了个去\", \"userId\": 1}','{\"code\": 500, \"msg\": \"\'NoneType\' object is not iterable\", \"success\": false, \"time\": \"2025-03-05T10:12:48.483717\"}',1,'\'NoneType\' object is not iterable','2025-03-05 10:12:48',1),(147,'新闻信息',1,'module_news.controller.news_info_controller.add_news_news_info()','POST',1,'admin','研发部门','/dev-api/news/news_info','','未知','{\"newsId\": 0, \"newsContent\": \"测试我了个去\", \"userId\": 1}','{\"code\": 500, \"msg\": \"\'NoneType\' object is not iterable\", \"success\": false, \"time\": \"2025-03-05T10:12:56.863135\"}',1,'\'NoneType\' object is not iterable','2025-03-05 10:12:57',2),(148,'新闻信息',1,'module_news.controller.news_info_controller.add_news_news_info()','POST',1,'admin','研发部门','/dev-api/news/news_info','','未知','{\"newsId\": 0, \"newsContent\": \"测试我了个去\", \"userId\": 1}','{\"code\": 500, \"msg\": \"\'NoneType\' object is not iterable\", \"success\": false, \"time\": \"2025-03-05T10:15:25.509506\"}',1,'\'NoneType\' object is not iterable','2025-03-05 10:15:25',1),(149,'新闻信息',1,'module_news.controller.news_info_controller.add_news_news_info()','POST',1,'admin','研发部门','/dev-api/news/news_info','','未知','{\"newsId\": 0, \"newsContent\": \"测试我了个去\", \"userId\": 1}','{\"code\": 500, \"msg\": \"\'NoneType\' object is not iterable\", \"success\": false, \"time\": \"2025-03-05T10:15:39.565891\"}',1,'\'NoneType\' object is not iterable','2025-03-05 10:15:40',1),(150,'新闻信息',1,'module_news.controller.news_info_controller.add_news_news_info()','POST',1,'admin','研发部门','/dev-api/news/news_info','','未知','{\"newsId\": 0, \"newsContent\": \"测试我了个去\", \"userId\": 1}','{\"code\": 500, \"msg\": \"\'NoneType\' object is not iterable\", \"success\": false, \"time\": \"2025-03-05T10:15:50.343235\"}',1,'\'NoneType\' object is not iterable','2025-03-05 10:15:50',2),(151,'新闻信息',1,'module_news.controller.news_info_controller.add_news_news_info()','POST',1,'admin','研发部门','/dev-api/news/news_info','','未知','{\"newsId\": 0, \"newsContent\": \"测试我了个去\", \"userId\": 1}','{\"code\": 500, \"msg\": \"\'NoneType\' object is not iterable\", \"success\": false, \"time\": \"2025-03-05T10:15:58.572064\"}',1,'\'NoneType\' object is not iterable','2025-03-05 10:15:59',1),(152,'新闻信息',1,'module_news.controller.news_info_controller.add_news_news_info()','POST',1,'admin','研发部门','/dev-api/news/news_info','','未知','{\"newsId\": 0, \"newsContent\": \"测试我了个去\", \"userId\": 1}','{\"code\": 500, \"msg\": \"\'NoneType\' object is not iterable\", \"success\": false, \"time\": \"2025-03-05T10:16:03.876288\"}',1,'\'NoneType\' object is not iterable','2025-03-05 10:16:04',1),(153,'新闻信息',1,'module_news.controller.news_info_controller.add_news_news_info()','POST',1,'admin','研发部门','/dev-api/news/news_info','','未知','{\"newsId\": 0, \"newsContent\": \"测试我了个去\", \"userId\": 1, \"imgId\": 0, \"newsimgList\": [{\"imgId\": 0, \"imgTitle\": \"呵呵\", \"imgDis\": \"牛了\", \"imgUrl\": \"这是地址\"}]}','{\"code\": 500, \"msg\": \"(asyncmy.errors.IntegrityError) (1452, \'Cannot add or update a child row: a foreign key constraint fails (`test`.`news_info`, CONSTRAINT `news_info_news_img_FK` FOREIGN KEY (`img_id`) REFERENCES `news_img` (`img_id`) ON DELETE CASCADE ON UPDATE CASCADE)\')\\n[SQL: INSERT INTO news_info (news_id, news_content, user_id, img_id) VALUES (%s, %s, %s, %s)]\\n[parameters: (0, \'测试我了个去\', 1, 0)]\\n(Background on this error at: https://sqlalche.me/e/20/gkpj)\", \"success\": false, \"time\": \"2025-03-05T10:17:14.539922\"}',1,'(asyncmy.errors.IntegrityError) (1452, \'Cannot add or update a child row: a foreign key constraint fails (`test`.`news_info`, CONSTRAINT `news_info_news_img_FK` FOREIGN KEY (`img_id`) REFERENCES `news_img` (`img_id`) ON DELETE CASCADE ON UPDATE CASCADE)\')\n[SQL: INSERT INTO news_info (news_id, news_content, user_id, img_id) VALUES (%s, %s, %s, %s)]\n[parameters: (0, \'测试我了个去\', 1, 0)]\n(Background on this error at: https://sqlalche.me/e/20/gkpj)','2025-03-05 10:17:15',2),(154,'新闻信息',1,'module_news.controller.news_info_controller.add_news_news_info()','POST',1,'admin','研发部门','/dev-api/news/news_info','','未知','{\"newsId\": 0, \"newsContent\": \"测试我了个去\", \"userId\": 1, \"imgId\": 0}','{\"code\": 500, \"msg\": \"(asyncmy.errors.IntegrityError) (1452, \'Cannot add or update a child row: a foreign key constraint fails (`test`.`news_info`, CONSTRAINT `news_info_news_img_FK` FOREIGN KEY (`img_id`) REFERENCES `news_img` (`img_id`) ON DELETE CASCADE ON UPDATE CASCADE)\')\\n[SQL: INSERT INTO news_info (news_id, news_content, user_id, img_id) VALUES (%s, %s, %s, %s)]\\n[parameters: (0, \'测试我了个去\', 1, 0)]\\n(Background on this error at: https://sqlalche.me/e/20/gkpj)\", \"success\": false, \"time\": \"2025-03-05T10:21:09.004143\"}',1,'(asyncmy.errors.IntegrityError) (1452, \'Cannot add or update a child row: a foreign key constraint fails (`test`.`news_info`, CONSTRAINT `news_info_news_img_FK` FOREIGN KEY (`img_id`) REFERENCES `news_img` (`img_id`) ON DELETE CASCADE ON UPDATE CASCADE)\')\n[SQL: INSERT INTO news_info (news_id, news_content, user_id, img_id) VALUES (%s, %s, %s, %s)]\n[parameters: (0, \'测试我了个去\', 1, 0)]\n(Background on this error at: https://sqlalche.me/e/20/gkpj)','2025-03-05 10:21:09',2),(155,'新闻信息',1,'module_news.controller.news_info_controller.add_news_news_info()','POST',1,'admin','研发部门','/dev-api/news/news_info','','未知','{\"newsId\": 0, \"newsContent\": \"测试我了个去\", \"userId\": 1, \"imgId\": 0}','{\"code\": 500, \"msg\": \"(asyncmy.errors.IntegrityError) (1452, \'Cannot add or update a child row: a foreign key constraint fails (`test`.`news_info`, CONSTRAINT `news_info_news_img_FK` FOREIGN KEY (`img_id`) REFERENCES `news_img` (`img_id`) ON DELETE CASCADE ON UPDATE CASCADE)\')\\n[SQL: INSERT INTO news_info (news_id, news_content, user_id, img_id) VALUES (%s, %s, %s, %s)]\\n[parameters: (0, \'测试我了个去\', 1, 0)]\\n(Background on this error at: https://sqlalche.me/e/20/gkpj)\", \"success\": false, \"time\": \"2025-03-05T10:21:14.901057\"}',1,'(asyncmy.errors.IntegrityError) (1452, \'Cannot add or update a child row: a foreign key constraint fails (`test`.`news_info`, CONSTRAINT `news_info_news_img_FK` FOREIGN KEY (`img_id`) REFERENCES `news_img` (`img_id`) ON DELETE CASCADE ON UPDATE CASCADE)\')\n[SQL: INSERT INTO news_info (news_id, news_content, user_id, img_id) VALUES (%s, %s, %s, %s)]\n[parameters: (0, \'测试我了个去\', 1, 0)]\n(Background on this error at: https://sqlalche.me/e/20/gkpj)','2025-03-05 10:21:15',3),(156,'新闻信息',1,'module_news.controller.news_info_controller.add_news_news_info()','POST',1,'admin','研发部门','/dev-api/news/news_info','','未知','{\"newsId\": 0, \"newsContent\": \"测试我了个去\", \"userId\": 1, \"imgId\": 0}','{\"code\": 500, \"msg\": \"(asyncmy.errors.IntegrityError) (1452, \'Cannot add or update a child row: a foreign key constraint fails (`test`.`news_info`, CONSTRAINT `news_info_news_img_FK` FOREIGN KEY (`img_id`) REFERENCES `news_img` (`img_id`) ON DELETE CASCADE ON UPDATE CASCADE)\')\\n[SQL: INSERT INTO news_info (news_id, news_content, user_id, img_id) VALUES (%s, %s, %s, %s)]\\n[parameters: (0, \'测试我了个去\', 1, 0)]\\n(Background on this error at: https://sqlalche.me/e/20/gkpj)\", \"success\": false, \"time\": \"2025-03-05T10:22:55.512759\"}',1,'(asyncmy.errors.IntegrityError) (1452, \'Cannot add or update a child row: a foreign key constraint fails (`test`.`news_info`, CONSTRAINT `news_info_news_img_FK` FOREIGN KEY (`img_id`) REFERENCES `news_img` (`img_id`) ON DELETE CASCADE ON UPDATE CASCADE)\')\n[SQL: INSERT INTO news_info (news_id, news_content, user_id, img_id) VALUES (%s, %s, %s, %s)]\n[parameters: (0, \'测试我了个去\', 1, 0)]\n(Background on this error at: https://sqlalche.me/e/20/gkpj)','2025-03-05 10:22:55',3),(157,'新闻信息',1,'module_news.controller.news_info_controller.add_news_news_info()','POST',1,'admin','研发部门','/dev-api/news/news_info','','未知','{\"newsId\": 0, \"newsContent\": \"测试我了个去\", \"userId\": 1, \"imgId\": 1}','{\"code\": 500, \"msg\": \"\'NoneType\' object is not iterable\", \"success\": false, \"time\": \"2025-03-05T10:23:48.736346\"}',1,'\'NoneType\' object is not iterable','2025-03-05 10:23:49',46),(158,'新闻信息',1,'module_news.controller.news_info_controller.add_news_news_info()','POST',1,'admin','研发部门','/dev-api/news/news_info','','未知','{\"newsId\": 0, \"newsContent\": \"测试我了个去\", \"userId\": 1, \"imgId\": 1}','{\"code\": 500, \"msg\": \"\'NoneType\' object is not iterable\", \"success\": false, \"time\": \"2025-03-05T10:25:45.918424\"}',1,'\'NoneType\' object is not iterable','2025-03-05 10:25:46',1),(159,'新闻信息',1,'module_news.controller.news_info_controller.add_news_news_info()','POST',1,'admin','研发部门','/dev-api/news/news_info','','未知','{\"newsId\": 0, \"newsContent\": \"测试我了个去\", \"userId\": 1, \"imgId\": 1}','{\"code\": 500, \"msg\": \"\'NoneType\' object is not iterable\", \"success\": false, \"time\": \"2025-03-05T10:35:07.422438\"}',1,'\'NoneType\' object is not iterable','2025-03-05 10:35:07',1),(160,'新闻信息',1,'module_news.controller.news_info_controller.add_news_news_info()','POST',1,'admin','研发部门','/dev-api/news/news_info','','未知','{\"newsId\": 0, \"newsContent\": \"测试我了个去\", \"userId\": 1, \"imgId\": 1}','{\"code\": 500, \"msg\": \"\'NoneType\' object is not iterable\", \"success\": false, \"time\": \"2025-03-05T10:38:31.088429\"}',1,'\'NoneType\' object is not iterable','2025-03-05 10:38:31',1),(161,'新闻信息',1,'module_news.controller.news_info_controller.add_news_news_info()','POST',1,'admin','研发部门','/dev-api/news/news_info','','未知','{\"newsId\": 0, \"newsContent\": \"测试我了个去\", \"userId\": 1, \"imgId\": 1}','{\"code\": 500, \"msg\": \"\'NoneType\' object is not iterable\", \"success\": false, \"time\": \"2025-03-05T10:38:34.824346\"}',1,'\'NoneType\' object is not iterable','2025-03-05 10:38:35',1),(162,'新闻信息',1,'module_news.controller.news_info_controller.add_news_news_info()','POST',1,'admin','研发部门','/dev-api/news/news_info','','未知','{\"newsId\": 0, \"newsContent\": \"测试我了个去\", \"userId\": 1, \"imgId\": 1}','{\"code\": 500, \"msg\": \"\'NoneType\' object is not iterable\", \"success\": false, \"time\": \"2025-03-05T10:46:34.801268\"}',1,'\'NoneType\' object is not iterable','2025-03-05 10:46:35',2),(163,'新闻信息',1,'module_news.controller.news_info_controller.add_news_news_info()','POST',1,'admin','研发部门','/dev-api/news/news_info','','未知','{\"newsId\": 0, \"newsContent\": \"测试我了个去\", \"userId\": 1, \"imgId\": 1}','{\"code\": 500, \"msg\": \"\'NoneType\' object is not iterable\", \"success\": false, \"time\": \"2025-03-05T10:46:49.886196\"}',1,'\'NoneType\' object is not iterable','2025-03-05 10:46:50',1),(164,'新闻信息',1,'module_news.controller.news_info_controller.add_news_news_info()','POST',1,'admin','研发部门','/dev-api/news/news_info','','未知','{\"newsId\": 0, \"newsContent\": \"测试我了个去\", \"userId\": 1, \"imgId\": 1}','{\"code\": 500, \"msg\": \"\'NoneType\' object is not iterable\", \"success\": false, \"time\": \"2025-03-05T10:47:32.798600\"}',1,'\'NoneType\' object is not iterable','2025-03-05 10:47:33',65),(165,'新闻信息',1,'module_news.controller.news_info_controller.add_news_news_info()','POST',1,'admin','研发部门','/dev-api/news/news_info','','未知','{\"newsId\": 0, \"newsContent\": \"测试我了个去\", \"userId\": 1, \"imgId\": 1}','{\"code\": 500, \"msg\": \"\'NoneType\' object is not iterable\", \"success\": false, \"time\": \"2025-03-05T10:53:10.879778\"}',1,'\'NoneType\' object is not iterable','2025-03-05 10:53:11',1),(166,'新闻信息',1,'module_news.controller.news_info_controller.add_news_news_info()','POST',1,'admin','研发部门','/dev-api/news/news_info','','未知','{\"newsId\": 0, \"newsContent\": \"测试我了个去\", \"userId\": 2, \"imgId\": 1}','{\"code\": 500, \"msg\": \"\'NoneType\' object is not iterable\", \"success\": false, \"time\": \"2025-03-05T10:56:37.739472\"}',1,'\'NoneType\' object is not iterable','2025-03-05 10:56:38',1),(167,'用户管理',1,'module_admin.controller.user_controller.add_system_user()','POST',1,'admin','研发部门','/dev-api/system/user','','未知','{\"deptId\": 100, \"userName\": \"sadaw\", \"nickName\": \"妮蝶\", \"password\": \"23333\", \"phonenumber\": \"19506165427\", \"email\": \"1237122561@qq.com\", \"sex\": \"0\", \"status\": \"0\", \"postIds\": [4], \"roleIds\": [2]}','{\"code\": 200, \"msg\": \"新增成功\", \"success\": true, \"time\": \"2025-03-05T11:10:59.941628\"}',0,'','2025-03-05 11:11:00',23),(168,'新闻信息',1,'module_news.controller.news_info_controller.add_news_news_info()','POST',1,'admin','研发部门','/dev-api/news/news_info','','未知','{\"newsId\": 0, \"newsContent\": \"测试我了个去\", \"userId\": 100, \"imgId\": 1}','{\"code\": 500, \"msg\": \"\'NoneType\' object is not iterable\", \"success\": false, \"time\": \"2025-03-05T11:12:32.784637\"}',1,'\'NoneType\' object is not iterable','2025-03-05 11:12:33',2),(169,'新闻信息',1,'module_news.controller.news_info_controller.add_news_news_info()','POST',1,'admin','研发部门','/dev-api/news/news_info','','未知','{\"newsId\": 0, \"newsContent\": \"测试我了个去\", \"userId\": 100, \"imgId\": 1}','{\"code\": 500, \"msg\": \"\'NoneType\' object is not iterable\", \"success\": false, \"time\": \"2025-03-06T08:15:06.307860\"}',1,'\'NoneType\' object is not iterable','2025-03-06 08:15:06',5),(170,'新闻信息',1,'module_news.controller.news_info_controller.add_news_news_info()','POST',1,'admin','研发部门','/dev-api/news/news_info','','未知','{\"newsId\": 0, \"newsContent\": \"测试我了个去\", \"userId\": 100}','{\"code\": 500, \"msg\": \"\'NoneType\' object is not iterable\", \"success\": false, \"time\": \"2025-03-06T08:15:22.827354\"}',1,'\'NoneType\' object is not iterable','2025-03-06 08:15:23',2),(171,'新闻信息',1,'module_news.controller.news_info_controller.add_news_news_info()','POST',1,'admin','研发部门','/dev-api/news/news_info','','未知','{\"newsId\": 101, \"newsContent\": \"测试我了个去\", \"userId\": 100}','{\"code\": 500, \"msg\": \"\'NoneType\' object is not iterable\", \"success\": false, \"time\": \"2025-03-06T08:15:37.059285\"}',1,'\'NoneType\' object is not iterable','2025-03-06 08:15:37',1),(172,'新闻信息',1,'module_news.controller.news_info_controller.add_news_news_info()','POST',1,'admin','研发部门','/dev-api/news/news_info','','未知','{\"newsId\": 101, \"newsContent\": \"测试我了个去\", \"userId\": 100}','{\"code\": 500, \"msg\": \"\'NoneType\' object is not iterable\", \"success\": false, \"time\": \"2025-03-06T08:30:59.728601\"}',1,'\'NoneType\' object is not iterable','2025-03-06 08:31:00',1),(173,'菜单管理',2,'module_admin.controller.menu_controller.edit_system_menu()','PUT',1,'admin','研发部门','/dev-api/system/menu','','未知','{\"menuId\": 2004, \"menuName\": \"测试\", \"parentId\": 0, \"orderNum\": 1, \"path\": \"input\", \"component\": \"newsinput/batch/test\", \"query\": null, \"routeName\": \"\", \"isFrame\": 1, \"isCache\": 0, \"menuType\": \"C\", \"visible\": \"0\", \"status\": \"0\", \"perms\": \"system:news:list\", \"icon\": \"build\", \"createBy\": \"admin\", \"createTime\": \"2025-03-02T11:16:49\", \"updateBy\": \"admin\", \"updateTime\": \"2025-03-05T10:01:51\", \"remark\": \"\"}','{\"code\": 200, \"msg\": \"更新成功\", \"success\": true, \"time\": \"2025-03-06T08:34:01.144404\"}',0,'','2025-03-06 08:34:01',2),(174,'菜单管理',2,'module_admin.controller.menu_controller.edit_system_menu()','PUT',1,'admin','研发部门','/dev-api/system/menu','','未知','{\"menuId\": 2004, \"menuName\": \"测试\", \"parentId\": 0, \"orderNum\": 1, \"path\": \"input\", \"component\": \"news/news_info/index\", \"query\": null, \"routeName\": \"\", \"isFrame\": 1, \"isCache\": 0, \"menuType\": \"C\", \"visible\": \"0\", \"status\": \"0\", \"perms\": \"\", \"icon\": \"build\", \"createBy\": \"admin\", \"createTime\": \"2025-03-02T11:16:49\", \"updateBy\": \"admin\", \"updateTime\": \"2025-03-06T08:34:01\", \"remark\": \"\"}','{\"code\": 200, \"msg\": \"更新成功\", \"success\": true, \"time\": \"2025-03-06T08:39:58.810835\"}',0,'','2025-03-06 08:39:59',1),(175,'新闻信息',1,'module_news.controller.news_info_controller.add_news_news_info()','POST',1,'admin','研发部门','/dev-api/news/news_info','','未知','{\"newsId\": null, \"newsContent\": \"<p>你好</p>\", \"userId\": \"0\", \"imgId\": \"0\", \"newsimgList\": []}','{\"code\": 500, \"msg\": \"(asyncmy.errors.IntegrityError) (1452, \'Cannot add or update a child row: a foreign key constraint fails (`test`.`news_info`, CONSTRAINT `news_info_sys_user_FK` FOREIGN KEY (`user_id`) REFERENCES `sys_user` (`user_id`) ON DELETE CASCADE ON UPDATE CASCADE)\')\\n[SQL: INSERT INTO news_info (news_content, user_id, img_id) VALUES (%s, %s, %s)]\\n[parameters: (\'<p>你好</p>\', 0, 0)]\\n(Background on this error at: https://sqlalche.me/e/20/gkpj)\", \"success\": false, \"time\": \"2025-03-06T08:41:08.049988\"}',1,'(asyncmy.errors.IntegrityError) (1452, \'Cannot add or update a child row: a foreign key constraint fails (`test`.`news_info`, CONSTRAINT `news_info_sys_user_FK` FOREIGN KEY (`user_id`) REFERENCES `sys_user` (`user_id`) ON DELETE CASCADE ON UPDATE CASCADE)\')\n[SQL: INSERT INTO news_info (news_content, user_id, img_id) VALUES (%s, %s, %s)]\n[parameters: (\'<p>你好</p>\', 0, 0)]\n(Background on this error at: https://sqlalche.me/e/20/gkpj)','2025-03-06 08:41:08',7),(176,'新闻信息',1,'module_news.controller.news_info_controller.add_news_news_info()','POST',1,'admin','研发部门','/dev-api/news/news_info','','未知','{\"newsId\": null, \"newsContent\": \"<p>你好</p>\", \"userId\": \"1\", \"imgId\": \"1\", \"newsimgList\": []}','{\"code\": 200, \"msg\": \"新增成功\", \"success\": true, \"time\": \"2025-03-06T08:41:19.867473\"}',0,'','2025-03-06 08:41:20',1),(177,'代码生成',6,'module_generator.controller.gen_controller.import_gen_table()','POST',1,'admin','研发部门','/dev-api/tool/gen/importTable','','未知','{}','{\"code\": 200, \"msg\": \"导入成功\", \"success\": true, \"time\": \"2025-03-06T09:09:17.469471\"}',0,'','2025-03-06 09:09:17',3),(178,'代码生成',2,'module_generator.controller.gen_controller.edit_gen_table()','PUT',1,'admin','研发部门','/dev-api/tool/gen','','未知','请求参数过长','{\"code\": 200, \"msg\": \"更新成功\", \"success\": true, \"time\": \"2025-03-06T09:14:36.704544\"}',0,'','2025-03-06 09:14:37',2),(179,'代码生成',8,'module_generator.controller.gen_controller.batch_gen_code()','GET',1,'admin','研发部门','/dev-api/tool/gen/batchGenCode','','未知','{}','{\"code\": 200, \"message\": \"获取成功\"}',0,'','2025-03-06 09:15:04',15),(180,'代码生成',2,'module_generator.controller.gen_controller.edit_gen_table()','PUT',1,'admin','研发部门','/dev-api/tool/gen','','未知','请求参数过长','{\"code\": 200, \"msg\": \"更新成功\", \"success\": true, \"time\": \"2025-03-06T09:16:01.476005\"}',0,'','2025-03-06 09:16:01',1),(181,'代码生成',8,'module_generator.controller.gen_controller.batch_gen_code()','GET',1,'admin','研发部门','/dev-api/tool/gen/batchGenCode','','未知','{}','{\"code\": 200, \"message\": \"获取成功\"}',0,'','2025-03-06 09:16:14',18),(182,'代码生成',8,'module_generator.controller.gen_controller.batch_gen_code()','GET',1,'admin','研发部门','/dev-api/tool/gen/batchGenCode','','未知','{}','{\"code\": 200, \"message\": \"获取成功\"}',0,'','2025-03-06 09:16:47',17),(183,'新闻信息',1,'module_news.controller.news_info_controller.add_news_news_info()','POST',1,'admin','研发部门','/dev-api/news/news_info','','未知','{\"newsId\": null, \"newsContent\": \"<p>haha</p>\", \"userId\": \"2\", \"imgId\": null, \"newsTitle\": \"我了个去\"}','{\"code\": 500, \"msg\": \"新增新闻信息None失败，新闻编号已存在\", \"success\": false, \"time\": \"2025-03-06T09:26:38.624984\"}',1,'新增新闻信息None失败，新闻编号已存在','2025-03-06 09:26:39',0),(184,'新闻信息',1,'module_news.controller.news_info_controller.add_news_news_info()','POST',1,'admin','研发部门','/dev-api/news/news_info','','未知','{\"newsId\": null, \"newsContent\": \"<p>haha</p>\", \"userId\": \"2\", \"imgId\": \"1\", \"newsTitle\": \"我了个去\"}','{\"code\": 500, \"msg\": \"新增新闻信息None失败，新闻编号已存在\", \"success\": false, \"time\": \"2025-03-06T09:26:45.931628\"}',1,'新增新闻信息None失败，新闻编号已存在','2025-03-06 09:26:46',0),(185,'新闻信息',2,'module_news.controller.news_info_controller.edit_news_news_info()','PUT',1,'admin','研发部门','/dev-api/news/news_info','','未知','{\"newsId\": 104, \"newsContent\": \"<p>你好w</p>\", \"userId\": 1, \"imgId\": 1, \"newsTitle\": null}','{\"code\": 500, \"msg\": \"\\\"News_infoModel\\\" object has no field \\\"update_by\\\"\", \"success\": false, \"time\": \"2025-03-06T14:11:34.596801\"}',1,'\"News_infoModel\" object has no field \"update_by\"','2025-03-06 14:11:35',4),(186,'新闻信息',1,'module_news.controller.news_info_controller.add_news_news_info()','POST',1,'admin','研发部门','/dev-api/news/news_info','','未知','{\"newsId\": null, \"newsContent\": \"<p>我去</p>\", \"userId\": \"2\", \"imgId\": null, \"newsTitle\": \"我了个去\"}','{\"code\": 500, \"msg\": \"新增新闻信息None失败，新闻编号已存在\", \"success\": false, \"time\": \"2025-03-06T14:12:45.201386\"}',1,'新增新闻信息None失败，新闻编号已存在','2025-03-06 14:12:45',20),(187,'新闻信息',1,'module_news.controller.news_info_controller.add_news_news_info()','POST',1,'admin','研发部门','/dev-api/news/news_info','','未知','{\"newsId\": null, \"newsContent\": \"<p>我去</p>\", \"userId\": \"2\", \"imgId\": null, \"newsTitle\": \"我了个去\"}','{\"code\": 500, \"msg\": \"新增新闻信息None失败，新闻编号已存在\", \"success\": false, \"time\": \"2025-03-06T14:12:47.038501\"}',1,'新增新闻信息None失败，新闻编号已存在','2025-03-06 14:12:47',0),(188,'新闻信息',1,'module_news.controller.news_info_controller.add_news_news_info()','POST',1,'admin','研发部门','/dev-api/news/news_info','','未知','{\"newsId\": null, \"newsContent\": \"<p>我去</p>\", \"userId\": \"2\", \"imgId\": null, \"newsTitle\": \"我了个去\"}','{\"code\": 500, \"msg\": \"新增新闻信息None失败，新闻编号已存在\", \"success\": false, \"time\": \"2025-03-06T14:12:49.164454\"}',1,'新增新闻信息None失败，新闻编号已存在','2025-03-06 14:12:49',0),(189,'新闻信息',1,'module_news.controller.news_info_controller.add_news_news_info()','POST',1,'admin','研发部门','/dev-api/news/news_info','','未知','{\"newsId\": null, \"newsContent\": \"<p>我去</p>\", \"userId\": \"2\", \"imgId\": null, \"newsTitle\": \"我了个去\"}','{\"code\": 500, \"msg\": \"新增新闻信息None失败，新闻编号已存在\", \"success\": false, \"time\": \"2025-03-06T14:12:50.634282\"}',1,'新增新闻信息None失败，新闻编号已存在','2025-03-06 14:12:51',0),(190,'代码生成',2,'module_generator.controller.gen_controller.edit_gen_table()','PUT',1,'admin','研发部门','/dev-api/tool/gen','','未知','请求参数过长','{\"code\": 200, \"msg\": \"更新成功\", \"success\": true, \"time\": \"2025-03-06T14:17:30.387309\"}',0,'','2025-03-06 14:17:30',2),(191,'代码生成',2,'module_generator.controller.gen_controller.edit_gen_table()','PUT',1,'admin','研发部门','/dev-api/tool/gen','','未知','请求参数过长','{\"code\": 200, \"msg\": \"更新成功\", \"success\": true, \"time\": \"2025-03-06T14:18:47.477131\"}',0,'','2025-03-06 14:18:47',2),(192,'代码生成',8,'module_generator.controller.gen_controller.batch_gen_code()','GET',1,'admin','研发部门','/dev-api/tool/gen/batchGenCode','','未知','{}','{\"code\": 200, \"message\": \"获取成功\"}',0,'','2025-03-06 14:19:06',24),(193,'新闻信息',1,'module_news.system.controller.news_info_controller.add_news_news_info()','POST',1,'admin','研发部门','/dev-api/news/news_info','','未知','{\"newsId\": null, \"newsContent\": \"<p>a</p>\", \"userId\": 1, \"imgId\": null, \"newsTitle\": \"a\"}','{\"code\": 500, \"msg\": \"新增新闻信息None失败，新闻编号已存在\", \"success\": false, \"time\": \"2025-03-06T14:42:45.622605\"}',1,'新增新闻信息None失败，新闻编号已存在','2025-03-06 14:42:46',28),(194,'新闻信息',1,'module_news.system.controller.news_info_controller.add_news_news_info()','POST',1,'admin','研发部门','/dev-api/news/news_info','','未知','{\"newsId\": null, \"newsContent\": \"<p>a</p>\", \"userId\": 1, \"imgId\": null, \"newsTitle\": \"a\"}','{\"code\": 500, \"msg\": \"新增新闻信息None失败，新闻编号已存在\", \"success\": false, \"time\": \"2025-03-06T14:43:09.181948\"}',1,'新增新闻信息None失败，新闻编号已存在','2025-03-06 14:43:09',0),(195,'新闻信息',1,'module_news.system.controller.news_info_controller.add_news_news_info()','POST',1,'admin','研发部门','/dev-api/news/news_info','','未知','{\"newsId\": null, \"newsContent\": \"<p>a</p>\", \"userId\": 1, \"imgId\": null, \"newsTitle\": \"a\"}','{\"code\": 500, \"msg\": \"新增新闻信息None失败，新闻编号已存在\", \"success\": false, \"time\": \"2025-03-06T14:44:32.771414\"}',1,'新增新闻信息None失败，新闻编号已存在','2025-03-06 14:44:33',0),(196,'新闻信息',2,'module_news.system.controller.news_info_controller.edit_news_news_info()','PUT',1,'admin','研发部门','/dev-api/news/news_info','','未知','{\"newsId\": 110, \"newsContent\": \"<p>啊</p>\", \"userId\": 1, \"imgId\": null, \"newsTitle\": \"啊\"}','{\"code\": 500, \"msg\": \"\\\"News_infoModel\\\" object has no field \\\"update_by\\\"\", \"success\": false, \"time\": \"2025-03-06T14:48:13.816915\"}',1,'\"News_infoModel\" object has no field \"update_by\"','2025-03-06 14:48:14',5),(197,'新闻信息',1,'module_news.system.controller.news_info_controller.add_news_news_info()','POST',1,'admin','研发部门','/dev-api/news/news_info','','未知','{\"newsId\": null, \"newsContent\": \"<p>啊</p>\", \"userId\": 1, \"imgId\": null, \"newsTitle\": \"啊\"}','{\"code\": 500, \"msg\": \"新增新闻信息None失败，新闻编号已存在\", \"success\": false, \"time\": \"2025-03-06T14:48:30.245793\"}',1,'新增新闻信息None失败，新闻编号已存在','2025-03-06 14:48:30',0),(198,'新闻信息',1,'module_news.system.controller.news_info_controller.add_news_news_info()','POST',1,'admin','研发部门','/dev-api/news/news_info','','未知','{\"newsContent\": \"<p>啊</p>\", \"userId\": 1, \"imgId\": null, \"newsTitle\": \"啊\"}','{\"code\": 500, \"msg\": \"新增新闻信息None失败，新闻编号已存在\", \"success\": false, \"time\": \"2025-03-06T14:49:19.800801\"}',1,'新增新闻信息None失败，新闻编号已存在','2025-03-06 14:49:20',0),(199,'新闻信息',2,'module_news.system.controller.news_info_controller.edit_news_news_info()','PUT',1,'admin','研发部门','/dev-api/news/news_info','','未知','{\"newsId\": 109, \"newsContent\": \"<p>a</p>\", \"userId\": 1, \"imgId\": null, \"newsTitle\": \"a\"}','{\"code\": 500, \"msg\": \"\\\"News_infoModel\\\" object has no field \\\"update_by\\\"\", \"success\": false, \"time\": \"2025-03-06T14:51:04.930885\"}',1,'\"News_infoModel\" object has no field \"update_by\"','2025-03-06 14:51:05',1),(200,'新闻信息',2,'module_news.system.controller.news_info_controller.edit_news_news_info()','PUT',1,'admin','研发部门','/dev-api/news/news_info','','未知','{\"newsId\": 109, \"newsContent\": \"<p>a</p>\", \"userId\": 1, \"imgId\": null, \"newsTitle\": \"a\"}','{\"code\": 500, \"msg\": \"\\\"News_infoModel\\\" object has no field \\\"update_by\\\"\", \"success\": false, \"time\": \"2025-03-06T14:51:19.983637\"}',1,'\"News_infoModel\" object has no field \"update_by\"','2025-03-06 14:51:20',1),(201,'新闻信息',2,'module_news.system.controller.news_info_controller.edit_news_news_info()','PUT',1,'admin','研发部门','/dev-api/news/news_info','','未知','{\"newsId\": 109, \"newsContent\": \"<p>a</p>\", \"userId\": 1, \"imgId\": null, \"newsTitle\": \"a\"}','{\"code\": 500, \"msg\": \"\\\"News_infoModel\\\" object has no field \\\"update_by\\\"\", \"success\": false, \"time\": \"2025-03-06T14:52:44.457205\"}',1,'\"News_infoModel\" object has no field \"update_by\"','2025-03-06 14:52:44',1),(202,'新闻信息',2,'module_news.system.controller.news_info_controller.edit_news_news_info()','PUT',1,'admin','研发部门','/dev-api/news/news_info','','未知','{\"newsId\": 109, \"newsContent\": \"<p>a</p>\", \"userId\": 1, \"imgId\": null, \"newsTitle\": \"a\"}','{\"code\": 500, \"msg\": \"\\\"News_infoModel\\\" object has no field \\\"update_by\\\"\", \"success\": false, \"time\": \"2025-03-06T14:53:19.379376\"}',1,'\"News_infoModel\" object has no field \"update_by\"','2025-03-06 14:53:19',1),(203,'代码生成',2,'module_generator.controller.gen_controller.sync_db()','GET',1,'admin','研发部门','/dev-api/tool/gen/synchDb/news_info','','未知','{\"table_name\": \"news_info\"}','{\"code\": 200, \"msg\": \"操作成功\", \"data\": \"同步成功\", \"success\": true, \"time\": \"2025-03-06T14:57:03.477179\"}',0,'','2025-03-06 14:57:03',3),(204,'代码生成',2,'module_generator.controller.gen_controller.sync_db()','GET',1,'admin','研发部门','/dev-api/tool/gen/synchDb/news_info','','未知','{\"table_name\": \"news_info\"}','{\"code\": 200, \"msg\": \"操作成功\", \"data\": \"同步成功\", \"success\": true, \"time\": \"2025-03-06T14:57:11.392731\"}',0,'','2025-03-06 14:57:11',3),(205,'代码生成',2,'module_generator.controller.gen_controller.edit_gen_table()','PUT',1,'admin','研发部门','/dev-api/tool/gen','','未知','请求参数过长','{\"code\": 200, \"msg\": \"更新成功\", \"success\": true, \"time\": \"2025-03-06T14:58:30.307171\"}',0,'','2025-03-06 14:58:30',3),(206,'代码生成',8,'module_generator.controller.gen_controller.batch_gen_code()','GET',1,'admin','研发部门','/dev-api/tool/gen/batchGenCode','','未知','{}','{\"code\": 200, \"message\": \"获取成功\"}',0,'','2025-03-06 14:58:36',17),(207,'新闻信息',1,'module_news.controller.news_info_controller.add_news_news_info()','POST',1,'admin','研发部门','/dev-api/news/news_info','','未知','{\"newsId\": null, \"newsContent\": \"<p>a</p>\", \"userId\": 1, \"imgId\": null, \"newsTitle\": \"aaa\", \"updateBy\": null, \"updateTime\": null, \"createBy\": null, \"createTime\": null}','{\"code\": 500, \"msg\": \"(asyncmy.errors.IntegrityError) (1048, \\\"Column \'user_id\' cannot be null\\\")\\n[SQL: INSERT INTO news_info (news_content, user_id, img_id, news_title, update_by, update_time, create_by, create_time) VALUES (%s, %s, %s, %s, %s, %s, %s, %s)]\\n[parameters: (\'<p>a</p>\', None, None, \'aaa\', None, None, None, None)]\\n(Background on this error at: https://sqlalche.me/e/20/gkpj)\", \"success\": false, \"time\": \"2025-03-06T15:02:19.387611\"}',1,'(asyncmy.errors.IntegrityError) (1048, \"Column \'user_id\' cannot be null\")\n[SQL: INSERT INTO news_info (news_content, user_id, img_id, news_title, update_by, update_time, create_by, create_time) VALUES (%s, %s, %s, %s, %s, %s, %s, %s)]\n[parameters: (\'<p>a</p>\', None, None, \'aaa\', None, None, None, None)]\n(Background on this error at: https://sqlalche.me/e/20/gkpj)','2025-03-06 15:02:19',31),(208,'新闻信息',1,'module_news.controller.news_info_controller.add_news_news_info()','POST',1,'admin','研发部门','/dev-api/news/news_info','','未知','{\"newsId\": null, \"newsContent\": \"<p>a</p>\", \"userId\": 1, \"imgId\": null, \"newsTitle\": \"aaa\", \"updateBy\": null, \"updateTime\": null, \"createBy\": null, \"createTime\": null}','{\"code\": 500, \"msg\": \"(asyncmy.errors.IntegrityError) (1048, \\\"Column \'user_id\' cannot be null\\\")\\n[SQL: INSERT INTO news_info (news_content, user_id, img_id, news_title, update_by, update_time, create_by, create_time) VALUES (%s, %s, %s, %s, %s, %s, %s, %s)]\\n[parameters: (\'<p>a</p>\', None, None, \'aaa\', None, None, None, None)]\\n(Background on this error at: https://sqlalche.me/e/20/gkpj)\", \"success\": false, \"time\": \"2025-03-06T15:02:23.602235\"}',1,'(asyncmy.errors.IntegrityError) (1048, \"Column \'user_id\' cannot be null\")\n[SQL: INSERT INTO news_info (news_content, user_id, img_id, news_title, update_by, update_time, create_by, create_time) VALUES (%s, %s, %s, %s, %s, %s, %s, %s)]\n[parameters: (\'<p>a</p>\', None, None, \'aaa\', None, None, None, None)]\n(Background on this error at: https://sqlalche.me/e/20/gkpj)','2025-03-06 15:02:24',3),(209,'新闻信息',1,'module_news.controller.news_info_controller.add_news_news_info()','POST',1,'admin','研发部门','/dev-api/news/news_info','','未知','{\"newsId\": null, \"newsContent\": \"<p>a</p>\", \"userId\": 1, \"imgId\": null, \"newsTitle\": \"aaa\", \"updateBy\": null, \"updateTime\": null, \"createBy\": null, \"createTime\": null}','{\"code\": 500, \"msg\": \"(asyncmy.errors.IntegrityError) (1048, \\\"Column \'user_id\' cannot be null\\\")\\n[SQL: INSERT INTO news_info (news_content, user_id, img_id, news_title, update_by, update_time, create_by, create_time) VALUES (%s, %s, %s, %s, %s, %s, %s, %s)]\\n[parameters: (\'<p>a</p>\', None, None, \'aaa\', None, None, None, None)]\\n(Background on this error at: https://sqlalche.me/e/20/gkpj)\", \"success\": false, \"time\": \"2025-03-06T15:03:35.459749\"}',1,'(asyncmy.errors.IntegrityError) (1048, \"Column \'user_id\' cannot be null\")\n[SQL: INSERT INTO news_info (news_content, user_id, img_id, news_title, update_by, update_time, create_by, create_time) VALUES (%s, %s, %s, %s, %s, %s, %s, %s)]\n[parameters: (\'<p>a</p>\', None, None, \'aaa\', None, None, None, None)]\n(Background on this error at: https://sqlalche.me/e/20/gkpj)','2025-03-06 15:03:35',4),(210,'新闻信息',1,'module_news.controller.news_info_controller.add_news_news_info()','POST',1,'admin','研发部门','/dev-api/news/news_info','','未知','{\"newsId\": null, \"newsContent\": \"<p>a</p>\", \"userId\": 1, \"imgId\": null, \"newsTitle\": \"a\", \"updateBy\": null, \"updateTime\": null, \"createBy\": null, \"createTime\": null}','{\"code\": 500, \"msg\": \"(asyncmy.errors.IntegrityError) (1048, \\\"Column \'user_id\' cannot be null\\\")\\n[SQL: INSERT INTO news_info (news_content, user_id, img_id, news_title, update_by, update_time, create_by, create_time) VALUES (%s, %s, %s, %s, %s, %s, %s, %s)]\\n[parameters: (\'<p>a</p>\', None, None, \'a\', None, None, None, None)]\\n(Background on this error at: https://sqlalche.me/e/20/gkpj)\", \"success\": false, \"time\": \"2025-03-06T15:04:41.424726\"}',1,'(asyncmy.errors.IntegrityError) (1048, \"Column \'user_id\' cannot be null\")\n[SQL: INSERT INTO news_info (news_content, user_id, img_id, news_title, update_by, update_time, create_by, create_time) VALUES (%s, %s, %s, %s, %s, %s, %s, %s)]\n[parameters: (\'<p>a</p>\', None, None, \'a\', None, None, None, None)]\n(Background on this error at: https://sqlalche.me/e/20/gkpj)','2025-03-06 15:04:41',3),(211,'新闻信息',2,'module_news.controller.news_info_controller.edit_news_news_info()','PUT',1,'admin','研发部门','/dev-api/news/news_info','','未知','{\"newsId\": 109, \"newsContent\": \"<p>a</p>\", \"userId\": 1, \"imgId\": null, \"newsTitle\": \"a\", \"updateBy\": null, \"updateTime\": null, \"createBy\": null, \"createTime\": null}','{\"code\": 500, \"msg\": \"新闻信息不存在\", \"success\": false, \"time\": \"2025-03-06T15:05:03.286891\"}',1,'新闻信息不存在','2025-03-06 15:05:03',0),(212,'新闻信息',2,'module_news.controller.news_info_controller.edit_news_news_info()','PUT',1,'admin','研发部门','/dev-api/news/news_info','','未知','{\"newsId\": 109, \"newsContent\": \"<p>a</p>\", \"userId\": 1, \"imgId\": null, \"newsTitle\": \"a\", \"updateBy\": null, \"updateTime\": null, \"createBy\": null, \"createTime\": null}','{\"code\": 500, \"msg\": \"新闻信息不存在\", \"success\": false, \"time\": \"2025-03-06T15:06:07.850727\"}',1,'新闻信息不存在','2025-03-06 15:06:08',0),(213,'新闻信息',2,'module_news.controller.news_info_controller.edit_news_news_info()','PUT',1,'admin','研发部门','/dev-api/news/news_info','','未知','{\"newsId\": 109, \"newsContent\": \"<p>a</p>\", \"userId\": 1, \"imgId\": null, \"newsTitle\": \"aaa\", \"updateBy\": null, \"updateTime\": null, \"createBy\": null, \"createTime\": null}','{\"code\": 500, \"msg\": \"新闻信息不存在\", \"success\": false, \"time\": \"2025-03-06T15:06:35.858652\"}',1,'新闻信息不存在','2025-03-06 15:06:36',0),(214,'新闻信息',1,'module_news.controller.news_info_controller.add_news_news_info()','POST',1,'admin','研发部门','/dev-api/news/news_info','','未知','{\"newsId\": 109, \"newsContent\": \"<p>a</p>\", \"userId\": 1, \"imgId\": null, \"newsTitle\": \"a\", \"updateBy\": null, \"updateTime\": null, \"createBy\": null, \"createTime\": null}','{\"code\": 500, \"msg\": \"(asyncmy.errors.IntegrityError) (1048, \\\"Column \'user_id\' cannot be null\\\")\\n[SQL: INSERT INTO news_info (news_content, user_id, img_id, news_title, update_by, update_time, create_by, create_time) VALUES (%s, %s, %s, %s, %s, %s, %s, %s)]\\n[parameters: (\'<p>a</p>\', None, None, \'a\', None, None, None, None)]\\n(Background on this error at: https://sqlalche.me/e/20/gkpj)\", \"success\": false, \"time\": \"2025-03-06T15:07:33.797612\"}',1,'(asyncmy.errors.IntegrityError) (1048, \"Column \'user_id\' cannot be null\")\n[SQL: INSERT INTO news_info (news_content, user_id, img_id, news_title, update_by, update_time, create_by, create_time) VALUES (%s, %s, %s, %s, %s, %s, %s, %s)]\n[parameters: (\'<p>a</p>\', None, None, \'a\', None, None, None, None)]\n(Background on this error at: https://sqlalche.me/e/20/gkpj)','2025-03-06 15:07:34',3),(215,'新闻信息',1,'module_news.controller.news_info_controller.add_news_news_info()','POST',1,'admin','研发部门','/dev-api/news/news_info','','未知','{\"newsId\": 109, \"newsContent\": \"<p>a</p>\", \"userId\": 1, \"imgId\": null, \"newsTitle\": \"a\", \"updateBy\": null, \"updateTime\": null, \"createBy\": null, \"createTime\": null}','{\"code\": 500, \"msg\": \"(asyncmy.errors.IntegrityError) (1048, \\\"Column \'user_id\' cannot be null\\\")\\n[SQL: INSERT INTO news_info (news_content, user_id, img_id, news_title, update_by, update_time, create_by, create_time) VALUES (%s, %s, %s, %s, %s, %s, %s, %s)]\\n[parameters: (\'<p>a</p>\', None, None, \'a\', None, None, None, None)]\\n(Background on this error at: https://sqlalche.me/e/20/gkpj)\", \"success\": false, \"time\": \"2025-03-06T15:09:43.551181\"}',1,'(asyncmy.errors.IntegrityError) (1048, \"Column \'user_id\' cannot be null\")\n[SQL: INSERT INTO news_info (news_content, user_id, img_id, news_title, update_by, update_time, create_by, create_time) VALUES (%s, %s, %s, %s, %s, %s, %s, %s)]\n[parameters: (\'<p>a</p>\', None, None, \'a\', None, None, None, None)]\n(Background on this error at: https://sqlalche.me/e/20/gkpj)','2025-03-06 15:09:44',3),(216,'新闻信息',1,'module_news.controller.news_info_controller.add_news_news_info()','POST',1,'admin','研发部门','/dev-api/news/news_info','','未知','{\"newsId\": 109, \"newsContent\": \"<p>a</p>\", \"userId\": 1, \"imgId\": null, \"newsTitle\": \"a\", \"updateBy\": null, \"updateTime\": null, \"createBy\": null, \"createTime\": null}','{\"code\": 500, \"msg\": \"(asyncmy.errors.IntegrityError) (1048, \\\"Column \'user_id\' cannot be null\\\")\\n[SQL: INSERT INTO news_info (news_content, user_id, img_id, news_title, update_by, update_time, create_by, create_time) VALUES (%s, %s, %s, %s, %s, %s, %s, %s)]\\n[parameters: (\'<p>a</p>\', None, None, \'a\', None, None, None, None)]\\n(Background on this error at: https://sqlalche.me/e/20/gkpj)\", \"success\": false, \"time\": \"2025-03-06T15:10:07.315644\"}',1,'(asyncmy.errors.IntegrityError) (1048, \"Column \'user_id\' cannot be null\")\n[SQL: INSERT INTO news_info (news_content, user_id, img_id, news_title, update_by, update_time, create_by, create_time) VALUES (%s, %s, %s, %s, %s, %s, %s, %s)]\n[parameters: (\'<p>a</p>\', None, None, \'a\', None, None, None, None)]\n(Background on this error at: https://sqlalche.me/e/20/gkpj)','2025-03-06 15:10:07',4),(217,'代码生成',2,'module_generator.controller.gen_controller.edit_gen_table()','PUT',1,'admin','研发部门','/dev-api/tool/gen','','未知','请求参数过长','{\"code\": 200, \"msg\": \"更新成功\", \"success\": true, \"time\": \"2025-03-06T15:11:14.657510\"}',0,'','2025-03-06 15:11:15',4),(218,'代码生成',8,'module_generator.controller.gen_controller.batch_gen_code()','GET',1,'admin','研发部门','/dev-api/tool/gen/batchGenCode','','未知','{}','{\"code\": 200, \"message\": \"获取成功\"}',0,'','2025-03-06 15:11:22',19),(219,'新闻信息',1,'module_news.controller.news_info_controller.add_news_news_info()','POST',1,'admin','研发部门','/dev-api/news/news_info','','未知','{\"newsId\": 109, \"newsContent\": \"<p>a</p>\", \"userId\": 1, \"imgId\": null, \"newsTitle\": \"a\", \"updateBy\": null, \"updateTime\": null, \"createBy\": null, \"createTime\": null}','{\"code\": 500, \"msg\": \"(asyncmy.errors.IntegrityError) (1048, \\\"Column \'user_id\' cannot be null\\\")\\n[SQL: INSERT INTO news_info (news_content, user_id, img_id, news_title, update_by, update_time, create_by, create_time) VALUES (%s, %s, %s, %s, %s, %s, %s, %s)]\\n[parameters: (\'<p>a</p>\', None, None, \'a\', None, None, None, None)]\\n(Background on this error at: https://sqlalche.me/e/20/gkpj)\", \"success\": false, \"time\": \"2025-03-06T15:12:44.788127\"}',1,'(asyncmy.errors.IntegrityError) (1048, \"Column \'user_id\' cannot be null\")\n[SQL: INSERT INTO news_info (news_content, user_id, img_id, news_title, update_by, update_time, create_by, create_time) VALUES (%s, %s, %s, %s, %s, %s, %s, %s)]\n[parameters: (\'<p>a</p>\', None, None, \'a\', None, None, None, None)]\n(Background on this error at: https://sqlalche.me/e/20/gkpj)','2025-03-06 15:12:45',2),(220,'代码生成',8,'module_generator.controller.gen_controller.batch_gen_code()','GET',1,'admin','研发部门','/dev-api/tool/gen/batchGenCode','','未知','{}','{\"code\": 200, \"message\": \"获取成功\"}',0,'','2025-03-06 15:15:54',37),(221,'新闻信息',1,'module_news.controller.news_info_controller.add_news_news_info()','POST',1,'admin','研发部门','/dev-api/news/news_info','','未知','{\"newsId\": null, \"newsContent\": \"<p>a</p>\", \"userId\": \"2\", \"imgId\": null, \"newsTitle\": \"a\", \"updateBy\": null, \"updateTime\": null, \"createBy\": null, \"createTime\": null}','{\"code\": 200, \"msg\": \"新增成功\", \"success\": true, \"time\": \"2025-03-06T15:18:57.204472\"}',0,'','2025-03-06 15:18:57',1),(222,'新闻信息',2,'module_news.controller.news_info_controller.edit_news_news_info()','PUT',1,'admin','研发部门','/dev-api/news/news_info','','未知','{\"newsId\": 100, \"newsContent\": \"<p>我了个去,中国石油大学</p>\", \"userId\": 1, \"imgId\": null, \"newsTitle\": \"哈哈,标题\", \"updateBy\": null, \"updateTime\": null, \"createBy\": null, \"createTime\": null}','{\"code\": 200, \"msg\": \"更新成功\", \"success\": true, \"time\": \"2025-03-06T15:24:36.071998\"}',0,'','2025-03-06 15:24:36',1),(223,'新闻信息',2,'module_news.controller.news_info_controller.edit_news_news_info()','PUT',1,'admin','研发部门','/dev-api/news/news_info','','未知','{\"newsId\": 100, \"newsContent\": \"<p>我了个去,中国石油大学我了个去,中国石油大学我了个去,中国石油大学我了个去,中国石油大学我了个去,中国石油大学我了个去,中国石油大学我了个去,中国石油大学我了个去,中国石油大学我了个去,中国石油大学我了个去,中国石油大学我了个去,中国石油大学我了个去,中国石油大学我了个去,中国石油大学我了个去,中国石油大学我了个去,中国石油大学我了个去,中国石油大学我了个去,中国石油大学我了个去,中国石油大学我了个去,中国石油大学我了个去,中国石油大学我了个去,中国石油大学我了个去,中国石油大学我了个去,中国石油大学我了个去,中国石油大学我了个去,中国石油大学我了个去,中国石油大学我了个去,中国石油大学我了个去,中国石油大学我了个去,中国石油大学我了个去,中国石油大学我了个去,中国石油大学我了个去,中国石油大学我了个去,中国石油大学我了个去,中国石油大学我了个去,中国石油大学我了个去,中国石油大学我了个去,中国石油大学我了个去,中国石油大学我了个去,中国石油大学我了个去,中国石油大学我了个去,中国石油大学我了个去,中国石油大学我了个去,中国石油大学我了个去,中国石油大学我了个去,中国石油大学我了个去,中国石油大学我了个去,中国石油大学我了个去,中国石油大学我了个去,中国石油大学我了个去,中国石油大学我了个去,中国石油大学我了个去,中国石油大学我了个去,中国石油大学我了个去,中国石油大学我了个去,中国石油大学我了个去,中国石油大学我了个去,中国石油大学我了个去,中国石油大学我了个去,中国石油大学我了个去,中国石油大学我了个去,中国石油大学我了个去,中国石油大学我了个去,中国石油大学我了个去,中国石油大学我了个去,中国石油大学我了个去,中国石油大学我了个去,中国石油大学我了个去,中国石油大学我了个去,中国石油大学我了个去,中国石油大学我了个去,中国石油大学</p>\", \"userId\": 1, \"imgId\": null, \"newsTitle\": \"哈哈,标题\", \"updateBy\": \"admin\", \"updateTime\": \"2025-03-06T15:24:36\", \"createBy\": null, \"createTime\": null}','{\"code\": 200, \"msg\": \"更新成功\", \"success\": true, \"time\": \"2025-03-06T15:24:46.568289\"}',0,'','2025-03-06 15:24:47',1),(224,'新闻信息',2,'module_news.controller.news_info_controller.edit_news_news_info()','PUT',1,'admin','研发部门','/dev-api/news/news_info','','未知','{\"newsId\": 100, \"newsContent\": \"<p>我了个去,中国石油大学我了个去,中国石油大学我了个去,中国石油大学我了个去,中国石油大学我了个去,中国石油大学我了个去,中国石油大学我了个去,中国石油大学我了个去,中国石油大学我了个去,中国石油大学我了个去,中国石油大学我了个去,中国石油大学我了个去,中国石油大学我了个去,中国石油大学我了个去,中国石油大学我了个去,中国石油大学我了个去,中国</p>\", \"userId\": 1, \"imgId\": null, \"newsTitle\": \"哈哈,标题\", \"updateBy\": \"admin\", \"updateTime\": \"2025-03-06T15:24:47\", \"createBy\": null, \"createTime\": null}','{\"code\": 200, \"msg\": \"更新成功\", \"success\": true, \"time\": \"2025-03-06T15:25:08.378503\"}',0,'','2025-03-06 15:25:08',1),(225,'新闻信息',2,'module_news.controller.news_info_controller.edit_news_news_info()','PUT',1,'admin','研发部门','/dev-api/news/news_info','','未知','请求参数过长','{\"code\": 200, \"msg\": \"更新成功\", \"success\": true, \"time\": \"2025-03-06T15:25:51.604113\"}',0,'','2025-03-06 15:25:52',0),(226,'新闻信息',2,'module_news.controller.news_info_controller.edit_news_news_info()','PUT',1,'admin','研发部门','/dev-api/news/news_info','','未知','{\"newsId\": 100, \"newsContent\": \"<p>我了个去,中国石油大学我了个去,中国石油大学我了个去,中国石油大学我了个石油大学我了个去,中国石油大学我了个去,中国石油大学我了个去,中国石油大学我了个去,中国石油大学我了个去,中国石油大学我了个去,中国石油大学我了个去,中国石油大学我了个去,中国石油大学我了个去,中国石油大学我了个去,中国石油大学我了个去,中国石油大学我了个去,中国</p>\", \"userId\": 1, \"imgId\": null, \"newsTitle\": \"哈哈,标题\", \"updateBy\": \"admin\", \"updateTime\": \"2025-03-06T15:25:52\", \"createBy\": null, \"createTime\": null}','{\"code\": 200, \"msg\": \"更新成功\", \"success\": true, \"time\": \"2025-03-06T15:25:59.610198\"}',0,'','2025-03-06 15:26:00',0),(227,'菜单管理',2,'module_admin.controller.menu_controller.edit_system_menu()','PUT',1,'admin','研发部门','/dev-api/system/menu','','未知','{\"menuId\": 2002, \"menuName\": \"批量上传\", \"parentId\": 2000, \"orderNum\": 2, \"path\": \"https://www.piyao.org.cn/xxjbrk.htm\", \"component\": \"newsinput/batch/index\", \"query\": null, \"routeName\": \"\", \"isFrame\": 0, \"isCache\": 0, \"menuType\": \"C\", \"visible\": \"0\", \"status\": \"0\", \"perms\": null, \"icon\": \"redis\", \"createBy\": \"admin\", \"createTime\": \"2025-03-02T10:53:08\", \"updateBy\": \"admin\", \"updateTime\": \"2025-03-03T09:53:28\", \"remark\": \"\"}','{\"code\": 200, \"msg\": \"更新成功\", \"success\": true, \"time\": \"2025-03-06T15:27:07.498304\"}',0,'','2025-03-06 15:27:07',1),(228,'菜单管理',2,'module_admin.controller.menu_controller.edit_system_menu()','PUT',1,'admin','研发部门','/dev-api/system/menu','','未知','{\"menuId\": 2002, \"menuName\": \"批量上传\", \"parentId\": 2000, \"orderNum\": 2, \"path\": \"https://www.piyao.org.cn/xxjbrk.htm\", \"component\": \"\", \"query\": null, \"routeName\": \"\", \"isFrame\": 0, \"isCache\": 0, \"menuType\": \"C\", \"visible\": \"0\", \"status\": \"0\", \"perms\": null, \"icon\": \"redis\", \"createBy\": \"admin\", \"createTime\": \"2025-03-02T10:53:08\", \"updateBy\": \"admin\", \"updateTime\": \"2025-03-06T15:27:07\", \"remark\": \"\"}','{\"code\": 200, \"msg\": \"更新成功\", \"success\": true, \"time\": \"2025-03-06T15:27:21.109753\"}',0,'','2025-03-06 15:27:21',1),(229,'菜单管理',2,'module_admin.controller.menu_controller.edit_system_menu()','PUT',1,'admin','研发部门','/dev-api/system/menu','','未知','{\"menuId\": 2002, \"menuName\": \"批量上传\", \"parentId\": 2000, \"orderNum\": 2, \"path\": \"https://chat.deepseek.com/a/chat/s/8522b6dd-2a55-4d04-b67d-3bada2492f37\", \"component\": \"\", \"query\": null, \"routeName\": \"\", \"isFrame\": 0, \"isCache\": 0, \"menuType\": \"C\", \"visible\": \"0\", \"status\": \"0\", \"perms\": null, \"icon\": \"redis\", \"createBy\": \"admin\", \"createTime\": \"2025-03-02T10:53:08\", \"updateBy\": \"admin\", \"updateTime\": \"2025-03-06T15:27:21\", \"remark\": \"\"}','{\"code\": 200, \"msg\": \"更新成功\", \"success\": true, \"time\": \"2025-03-06T15:28:17.832961\"}',0,'','2025-03-06 15:28:18',1),(230,'菜单管理',2,'module_admin.controller.menu_controller.edit_system_menu()','PUT',1,'admin','研发部门','/dev-api/system/menu','','未知','{\"menuId\": 2002, \"menuName\": \"批量上传\", \"parentId\": 2000, \"orderNum\": 2, \"path\": \"https://www.piyao.org.cn/xxjbrk.htm\", \"component\": \"\", \"query\": null, \"routeName\": \"\", \"isFrame\": 0, \"isCache\": 0, \"menuType\": \"C\", \"visible\": \"0\", \"status\": \"0\", \"perms\": null, \"icon\": \"redis\", \"createBy\": \"admin\", \"createTime\": \"2025-03-02T10:53:08\", \"updateBy\": \"admin\", \"updateTime\": \"2025-03-06T15:28:18\", \"remark\": \"\"}','{\"code\": 200, \"msg\": \"更新成功\", \"success\": true, \"time\": \"2025-03-06T15:29:02.906801\"}',0,'','2025-03-06 15:29:03',1),(231,'新闻信息',2,'module_news.controller.news_info_controller.edit_news_news_info()','PUT',1,'admin','研发部门','/dev-api/news/news_info','','未知','{\"newsId\": 100, \"newsContent\": \"<p>我了个去,中国石油大学我了个去,中国石油大学我了个去,中国石油大学我了个石油大学我了个去,中国石油大学我了个去,中国石油大学我了个去,中国石油大学我了个去,中国石油大学我了个去,中国石油大学我了个去,中国石油大学我了个去,中国石油大学我了个去,中国石油大学我了个去,中国石油大学我了个去,中国石油大学我了个去,中国石油大学我了个去,中国阿斯顿撒旦</p>\", \"userId\": 1, \"imgId\": null, \"newsTitle\": \"哈哈,标题\", \"updateBy\": \"admin\", \"updateTime\": \"2025-03-06T15:26:00\", \"createBy\": null, \"createTime\": null}','{\"code\": 200, \"msg\": \"更新成功\", \"success\": true, \"time\": \"2025-03-06T15:33:45.434914\"}',0,'','2025-03-06 15:33:45',1),(232,'新闻信息',2,'module_news.controller.news_info_controller.edit_news_news_info()','PUT',1,'admin','研发部门','/dev-api/news/news_info','','未知','{\"newsId\": 100, \"newsContent\": \"<p>哇哇哇哇哇哇哇哇山东教师你都问奥欧内斯哦安东年底我年前迪纳芬骚的女娃哦的首脑我打死哦哦顶扫完你你JFK撒看见你补发哈时间</p>\", \"userId\": 1, \"imgId\": null, \"newsTitle\": \"哈哈,标题\", \"updateBy\": \"admin\", \"updateTime\": \"2025-03-06T15:33:45\", \"createBy\": null, \"createTime\": null}','{\"code\": 200, \"msg\": \"更新成功\", \"success\": true, \"time\": \"2025-03-06T15:34:04.294382\"}',0,'','2025-03-06 15:34:04',1),(233,'新闻信息',2,'module_news.controller.news_info_controller.edit_news_news_info()','PUT',1,'admin','研发部门','/dev-api/news/news_info','','未知','{\"newsId\": 100, \"newsContent\": \"<p>哇哇哇哇哇哇哇哇山东教师你都问奥欧内斯哦安东年底我年前迪纳芬骚的女娃哦的首脑我打死哦哦顶扫完你你JFK撒看见你补发哈时间11111</p>\", \"userId\": 1, \"imgId\": null, \"newsTitle\": \"哈哈,标题\", \"updateBy\": \"admin\", \"updateTime\": \"2025-03-06T15:34:04\", \"createBy\": null, \"createTime\": null}','{\"code\": 200, \"msg\": \"更新成功\", \"success\": true, \"time\": \"2025-03-06T15:34:11.014822\"}',0,'','2025-03-06 15:34:11',0),(234,'新闻信息',1,'module_news.controller.news_info_controller.add_news_news_info()','POST',1,'admin','研发部门','/dev-api/news/news_info','','未知','{\"newsId\": null, \"newsContent\": \"<p>我了个去</p>\", \"userId\": 1, \"imgId\": null, \"newsTitle\": \"咱是什么\", \"updateBy\": null, \"updateTime\": null, \"createBy\": null, \"createTime\": null}','{\"code\": 200, \"msg\": \"新增成功\", \"success\": true, \"time\": \"2025-03-06T15:36:54.283318\"}',0,'','2025-03-06 15:36:54',1),(235,'新闻信息',1,'module_news.controller.news_info_controller.add_news_news_info()','POST',1,'admin','研发部门','/dev-api/news/news_info','','未知','{\"newsId\": null, \"newsContent\": \"<p>a</p>\", \"userId\": 1, \"imgId\": null, \"newsTitle\": \"aaa\", \"updateBy\": null, \"updateTime\": null, \"createBy\": null, \"createTime\": null}','{\"code\": 200, \"msg\": \"新增成功\", \"success\": true, \"time\": \"2025-03-06T15:37:13.734484\"}',0,'','2025-03-06 15:37:14',1),(236,'新闻信息',3,'module_news.controller.news_info_controller.delete_news_news_info()','DELETE',1,'admin','研发部门','/dev-api/news/news_info/105,106','','未知','{\"news_ids\": \"105,106\"}','{\"code\": 200, \"msg\": \"删除成功\", \"success\": true, \"time\": \"2025-03-06T15:40:02.162835\"}',0,'','2025-03-06 15:40:02',0),(237,'菜单管理',2,'module_admin.controller.menu_controller.edit_system_menu()','PUT',1,'admin','研发部门','/dev-api/system/menu','','未知','{\"menuId\": 2002, \"menuName\": \"批量上传\", \"parentId\": 2000, \"orderNum\": 2, \"path\": \"batch\", \"component\": \"\", \"query\": null, \"routeName\": \"\", \"isFrame\": 0, \"isCache\": 0, \"menuType\": \"C\", \"visible\": \"0\", \"status\": \"0\", \"perms\": null, \"icon\": \"redis\", \"createBy\": \"admin\", \"createTime\": \"2025-03-02T10:53:08\", \"updateBy\": \"admin\", \"updateTime\": \"2025-03-06T15:29:03\", \"remark\": \"\"}','{\"code\": 500, \"msg\": \"修改菜单批量上传失败，地址必须以http(s)://开头\", \"success\": false, \"time\": \"2025-03-06T15:51:09.409999\"}',1,'修改菜单批量上传失败，地址必须以http(s)://开头','2025-03-06 15:51:09',0),(238,'菜单管理',2,'module_admin.controller.menu_controller.edit_system_menu()','PUT',1,'admin','研发部门','/dev-api/system/menu','','未知','{\"menuId\": 2002, \"menuName\": \"批量上传\", \"parentId\": 2000, \"orderNum\": 2, \"path\": \"batch\", \"component\": \"\", \"query\": null, \"routeName\": \"\", \"isFrame\": 1, \"isCache\": 0, \"menuType\": \"C\", \"visible\": \"0\", \"status\": \"0\", \"perms\": null, \"icon\": \"redis\", \"createBy\": \"admin\", \"createTime\": \"2025-03-02T10:53:08\", \"updateBy\": \"admin\", \"updateTime\": \"2025-03-06T15:29:03\", \"remark\": \"\"}','{\"code\": 200, \"msg\": \"更新成功\", \"success\": true, \"time\": \"2025-03-06T15:51:13.595360\"}',0,'','2025-03-06 15:51:14',1),(239,'菜单管理',2,'module_admin.controller.menu_controller.edit_system_menu()','PUT',1,'admin','研发部门','/dev-api/system/menu','','未知','{\"menuId\": 2002, \"menuName\": \"批量上传\", \"parentId\": 2000, \"orderNum\": 2, \"path\": \"batch\", \"component\": \"newsinput/batch/index\", \"query\": null, \"routeName\": \"\", \"isFrame\": 1, \"isCache\": 0, \"menuType\": \"C\", \"visible\": \"0\", \"status\": \"0\", \"perms\": null, \"icon\": \"redis\", \"createBy\": \"admin\", \"createTime\": \"2025-03-02T10:53:08\", \"updateBy\": \"admin\", \"updateTime\": \"2025-03-06T15:51:14\", \"remark\": \"\"}','{\"code\": 200, \"msg\": \"更新成功\", \"success\": true, \"time\": \"2025-03-06T15:51:27.707228\"}',0,'','2025-03-06 15:51:28',1),(240,'新闻信息',2,'module_news.controller.news_info_controller.edit_news_news_info()','PUT',1,'admin','研发部门','/dev-api/news/news_info','','未知','{\"newsId\": 100, \"newsContent\": \"<p>哇哇哇哇哇哇哇哇山东教师你都问奥欧内斯哦安东年底我年前迪纳芬骚的女娃哦的首脑我打死哦哦顶扫完你你JFK撒看见你补发哈时间11111</p>\", \"userId\": 1, \"imgId\": null, \"newsTitle\": \"哈哈,标题我勒个豆这给吧标题\", \"updateBy\": \"admin\", \"updateTime\": \"2025-03-06T15:34:11\", \"createBy\": null, \"createTime\": null}','{\"code\": 200, \"msg\": \"更新成功\", \"success\": true, \"time\": \"2025-03-06T16:06:44.910336\"}',0,'','2025-03-06 16:06:45',0),(241,'新闻信息',2,'module_news.controller.news_info_controller.edit_news_news_info()','PUT',1,'admin','研发部门','/dev-api/news/news_info','','未知','{\"newsId\": 100, \"newsContent\": \"<p>哇哇哇哇哇哇哇哇山东教师你都问奥欧内斯哦安东年底我年前迪纳芬骚的女娃哦的首脑我打死哦哦顶扫完你你JFK撒看见你补发哈时间11111</p>\", \"userId\": 1, \"imgId\": null, \"newsTitle\": \"哈哈,标题我勒个豆这给吧标题的撒啊啊啊啊啊啊啊啊啊啊啊啊啊啊啊\", \"updateBy\": \"admin\", \"updateTime\": \"2025-03-06T16:06:45\", \"createBy\": null, \"createTime\": null}','{\"code\": 200, \"msg\": \"更新成功\", \"success\": true, \"time\": \"2025-03-06T16:06:49.208901\"}',0,'','2025-03-06 16:06:49',0),(242,'代码生成',2,'module_generator.controller.gen_controller.sync_db()','GET',1,'admin','研发部门','/dev-api/tool/gen/synchDb/news_info','','未知','{\"table_name\": \"news_info\"}','{\"code\": 200, \"msg\": \"操作成功\", \"data\": \"同步成功\", \"success\": true, \"time\": \"2025-03-06T16:56:20.407447\"}',0,'','2025-03-06 16:56:20',3),(243,'代码生成',6,'module_generator.controller.gen_controller.import_gen_table()','POST',1,'admin','研发部门','/dev-api/tool/gen/importTable','','未知','{}','{\"code\": 200, \"msg\": \"导入成功\", \"success\": true, \"time\": \"2025-03-06T16:56:32.127600\"}',0,'','2025-03-06 16:56:32',2),(244,'代码生成',2,'module_generator.controller.gen_controller.edit_gen_table()','PUT',1,'admin','研发部门','/dev-api/tool/gen','','未知','请求参数过长','{\"code\": 200, \"msg\": \"更新成功\", \"success\": true, \"time\": \"2025-03-06T16:57:39.570320\"}',0,'','2025-03-06 16:57:40',4),(245,'代码生成',8,'module_generator.controller.gen_controller.batch_gen_code()','GET',1,'admin','研发部门','/dev-api/tool/gen/batchGenCode','','未知','{}','{\"code\": 200, \"message\": \"获取成功\"}',0,'','2025-03-06 16:57:44',18),(246,'代码生成',8,'module_generator.controller.gen_controller.batch_gen_code()','GET',1,'admin','研发部门','/dev-api/tool/gen/batchGenCode','','未知','{}','{\"code\": 200, \"message\": \"获取成功\"}',0,'','2025-03-06 16:58:02',16),(247,'新闻信息',1,'module_news.controller.news_info_controller.add_news_news_info()','POST',1,'admin','研发部门','/dev-api/news/news_info','','未知','{\"newsId\": null, \"newsContent\": \"<p>1</p>\", \"userId\": \"1\", \"newsTitle\": \"1\", \"updateBy\": null, \"updateTime\": null, \"createBy\": null, \"createTime\": null, \"publishTime\": null, \"platform\": \"1\", \"hashTag\": \"1\", \"url\": \"1\"}','{\"code\": 500, \"msg\": \"新增新闻信息None失败，新闻编号已存在\", \"success\": false, \"time\": \"2025-03-06T17:01:47.046168\"}',1,'新增新闻信息None失败，新闻编号已存在','2025-03-06 17:01:47',82),(248,'代码生成',2,'module_generator.controller.gen_controller.edit_gen_table()','PUT',1,'admin','研发部门','/dev-api/tool/gen','','未知','请求参数过长','{\"code\": 200, \"msg\": \"更新成功\", \"success\": true, \"time\": \"2025-03-06T17:02:57.875099\"}',0,'','2025-03-06 17:02:58',5),(249,'代码生成',8,'module_generator.controller.gen_controller.batch_gen_code()','GET',1,'admin','研发部门','/dev-api/tool/gen/batchGenCode','','未知','{}','{\"code\": 200, \"message\": \"获取成功\"}',0,'','2025-03-06 17:03:05',17),(250,'新闻信息',1,'module_news.controller.news_info_controller.add_news_news_info()','POST',1,'admin','研发部门','/dev-api/news/news_info','','未知','{\"newsId\": null, \"newsContent\": \"<p>a</p>\", \"userId\": \"1\", \"newsTitle\": \"1\", \"updateBy\": null, \"updateTime\": null, \"createBy\": null, \"createTime\": null, \"publishTime\": \"2025-03-04\", \"platform\": \"1\", \"hashTag\": \"1\", \"url\": \"1\"}','{\"code\": 200, \"msg\": \"新增成功\", \"success\": true, \"time\": \"2025-03-06T17:05:14.622442\"}',0,'','2025-03-06 17:05:15',56),(251,'新闻信息',1,'module_news.controller.news_info_controller.add_news_news_info()','POST',1,'admin','研发部门','/dev-api/news/news_info','','未知','{\"newsId\": null, \"newsContent\": \"<p>测试</p>\", \"userId\": \"2\", \"newsTitle\": \"2\", \"updateBy\": null, \"updateTime\": null, \"createBy\": null, \"createTime\": null, \"publishTime\": \"2025-03-05\", \"platform\": \"1\", \"hashTag\": \"1\", \"url\": \"1\"}','{\"code\": 200, \"msg\": \"新增成功\", \"success\": true, \"time\": \"2025-03-07T08:24:09.987995\"}',0,'','2025-03-07 08:24:10',0),(252,'新闻信息',1,'module_news.controller.news_info_controller.add_news_news_info()','POST',1,'admin','研发部门','/dev-api/news/news_info','','未知','{\"newsId\": null, \"newsContent\": \"<p>a</p>\", \"userId\": \"1\", \"newsTitle\": \"啊\", \"updateBy\": null, \"updateTime\": null, \"createBy\": null, \"createTime\": null, \"publishTime\": null, \"platform\": null, \"hashTag\": null, \"url\": null}','{\"code\": 200, \"msg\": \"新增成功\", \"success\": true, \"time\": \"2025-03-07T08:29:09.442058\"}',0,'','2025-03-07 08:29:09',0),(253,'新闻信息',1,'module_news.controller.news_info_controller.add_news_news_info()','POST',1,'admin','研发部门','/dev-api/news/news_info','','未知','{\"newsId\": null, \"newsContent\": \"<p><br></p>\", \"userId\": 1, \"newsTitle\": null, \"updateBy\": null, \"updateTime\": null, \"createBy\": null, \"createTime\": null, \"publishTime\": null, \"platform\": null, \"hashTag\": null, \"url\": null}','{\"code\": 200, \"msg\": \"新增成功\", \"success\": true, \"time\": \"2025-03-07T08:32:42.621982\"}',0,'','2025-03-07 08:32:43',0),(254,'新闻信息',1,'module_news.controller.news_info_controller.add_news_news_info()','POST',1,'admin','研发部门','/dev-api/news/news_info','','未知','{\"newsId\": null, \"newsContent\": \"<h1>的<span style=\\\"color: var(--el-text-color-regular);\\\"><img src=\\\"http://localhost/dev-api/profile/upload/2025/03/07/~1E(E3UM$))UK(88%)F05CD_tmb_20250307083501A377.jpg\\\"></span><span style=\\\"color: inherit;\\\">撒可能<img src=\\\"http://localhost/dev-api/profile/upload/2025/03/07/nero_20250307083515A285.png\\\"></span></h1><h1><br></h1>\", \"userId\": 1, \"newsTitle\": null, \"updateBy\": null, \"updateTime\": null, \"createBy\": null, \"createTime\": null, \"publishTime\": null, \"platform\": null, \"hashTag\": null, \"url\": null}','{\"code\": 200, \"msg\": \"新增成功\", \"success\": true, \"time\": \"2025-03-07T08:35:40.037649\"}',0,'','2025-03-07 08:35:40',1),(255,'新闻信息',1,'module_news.controller.news_info_controller.add_news_news_info()','POST',1,'admin','研发部门','/dev-api/news/news_info','','未知','请求参数过长','{\"code\": 500, \"msg\": \"(asyncmy.errors.DataError) (1406, \\\"Data too long for column \'url\' at row 1\\\")\\n[SQL: INSERT INTO news_info (news_content, user_id, news_title, update_by, update_time, create_by, create_time, publish_time, platform, hash_tag, url) VALUES (%s, %s, %s, %s, %s, %s, %s, %s, %s, %s, %s)]\\n[parameters: (\'<p>天文台在下午4時20分發出寒冷天氣警告。天文台預測本港今晚及明早天氣寒冷。市區最低氣溫約在12度左右，新界再低一兩度。市民應注意保暖，多穿禦寒衣物，並應保持室內空氣流通。市民亦應避免長時間置身在寒風中，以免著涼而影響健康。如認識獨居的長者或慢性病患者，可致電或探訪他們，了解是否需要提供幫助。 ... (2429 characters truncated) ... 片)</p><p>原文網址: 寒冷天氣警告｜天文台預測今晚及明早市區約12度\\\\u3000新界再低一兩度 | 香港01 https://www.hk01.com/article/60217162?utm_source=01articlecopy&amp;utm_medium=referral</p>\', 1, \'寒冷天氣警告｜天文台預測今晚及明早市區約12度\\\\u3000新界再低一兩度\\\\n\\\\n原文網址: 寒冷天氣警告｜天文台預測今晚及明早市區約12度\\\\u3000新界再低一兩度 | 香港01 \', \'admin\', datetime.datetime(2025, 3, 7, 8, 38, 15, 76725), \'admin\', datetime.datetime(2025, 3, 7, 8, 38, 15, 76725), datetime.datetime(2025, 3, 6, 0, 0), \'香港01\', \'天气\', \'https://www.hk01.com/%E5%A4%A9%E6%B0%A3/60217162/%E5%AF%92%E5%86%B7%E5%A4%A9%E6%B0%A3%E8%AD%A6%E5%91%8A-%E5%A4%A9%E6%96%87%E5%8F%B0%E9%A0%90%E6%B8%AC%E4%BB%8A%E6%99%9A%E5%8F%8A%E6%98%8E%E6%97%A9%E5%B8%82%E5%8D%80%E7%B4%8412%E5%BA%A6-%E6%96%B0%E7%95%8C%E5%86%8D%E4%BD%8E%E4%B8%80%E5%85%A9%E5%BA%A6\')]\\n(Background on this error at: https://sqlalche.me/e/20/9h9h)\", \"success\": false, \"time\": \"2025-03-07T08:38:15.190753\"}',1,'(asyncmy.errors.DataError) (1406, \"Data too long for column \'url\' at row 1\")\n[SQL: INSERT INTO news_info (news_content, user_id, news_title, update_by, update_time, create_by, create_time, publish_time, platform, hash_tag, url) VALUES (%s, %s, %s, %s, %s, %s, %s, %s, %s, %s, %s)]\n[parameters: (\'<p>天文台在下午4時20分發出寒冷天氣警告。天文台預測本港今晚及明早天氣寒冷。市區最低氣溫約在12度左右，新界再低一兩度。市民應注意保暖，多穿禦寒衣物，並應保持室內空氣流通。市民亦應避免長時間置身在寒風中，以免著涼而影響健康。如認識獨居的長者或慢性病患者，可致電或探訪他們，了解是否需要提供幫助。 ... (2429 characters truncated) ... 片)</p><p>原文網址: 寒冷天氣警告｜天文台預測今晚及明早市區約12度\\u3000新界再低一兩度 | 香港01 https://www.hk01.com/article/60217162?utm_source=01articlecopy&amp;utm_medium=referral</p>\', 1, \'寒冷天氣警告｜天文台預測今晚及明早市區約12度\\u3000新界再低一兩度\\n\\n原文網址: 寒冷天氣警告｜天文台預測今晚及明早市區約12度\\u3000新界再低一兩度 | 香港01 \', \'admin\', datetime.datetime(2025, 3, 7, 8, 38, 15, 76725), \'admin\', datetime.datetime(2025, 3, 7, 8, 38, 15, 76725), datetime.datetime(2025, 3, 6, 0, 0), \'香港01\', \'天气\', \'https://www.hk01.com/%E5%A4%A9%E6%B0%A3/60217162/%E5%AF%92%E5%86%B7%E5%A4%A9%E6%B0%A3%E8%AD%A6%E5%91%8A-%E5%A4%A9%E6%96%87%E5%8F%B0%E9%A0%90%E6%B8%AC%E4%BB%8A%E6%99%9A%E5%8F%8A%E6%98%8E%E6%97%A9%E5%B8%82%E5%8D%80%E7%B4%8412%E5%BA%A6-%E6%96%B0%E7%95%8C%E5%86%8D%E4%BD%8E%E4%B8%80%E5%85%A9%E5%BA%A6\')]\n(Background on this error at: https://sqlalche.me/e/20/9h9h)','2025-03-07 08:38:15',11),(256,'新闻信息',1,'module_news.controller.news_info_controller.add_news_news_info()','POST',1,'admin','研发部门','/dev-api/news/news_info','','未知','请求参数过长','{\"code\": 500, \"msg\": \"(asyncmy.errors.DataError) (1406, \\\"Data too long for column \'url\' at row 1\\\")\\n[SQL: INSERT INTO news_info (news_content, user_id, news_title, update_by, update_time, create_by, create_time, publish_time, platform, hash_tag, url) VALUES (%s, %s, %s, %s, %s, %s, %s, %s, %s, %s, %s)]\\n[parameters: (\'<p>天文台在下午4時20分發出寒冷天氣警告。天文台預測本港今晚及明早天氣寒冷。市區最低氣溫約在12度左右，新界再低一兩度。市民應注意保暖，多穿禦寒衣物，並應保持室內空氣流通。市民亦應避免長時間置身在寒風中，以免著涼而影響健康。如認識獨居的長者或慢性病患者，可致電或探訪他們，了解是否需要提供幫助。 ... (2429 characters truncated) ... 片)</p><p>原文網址: 寒冷天氣警告｜天文台預測今晚及明早市區約12度\\\\u3000新界再低一兩度 | 香港01 https://www.hk01.com/article/60217162?utm_source=01articlecopy&amp;utm_medium=referral</p>\', 1, \'寒冷天氣警告｜天文台預測今晚及明早市區約12度\\\\u3000新界再低一兩度\\\\n\\\\n原文網址: 寒冷天氣警告｜天文台預測今晚及明早市區約12度\\\\u3000新界再低一兩度 | 香港01 \', \'admin\', datetime.datetime(2025, 3, 7, 8, 38, 40, 754736), \'admin\', datetime.datetime(2025, 3, 7, 8, 38, 40, 754736), datetime.datetime(2025, 3, 6, 0, 0), \'香港01\', \'天气\', \'https://www.hk01.com/%E5%A4%A9%E6%B0%A3/60217162/%E5%AF%92%E5%86%B7%E5%A4%A9%E6%B0%A3%E8%AD%A6%E5%91%8A-%E5%A4%A9%E6%96%87%E5%8F%B0%E9%A0%90%E6%B8%AC%E4%BB%8A%E6%99%9A%E5%8F%8A%E6%98%8E%E6%97%A9%E5%B8%82%E5%8D%80%E7%B4%8412%E5%BA%A6-%E6%96%B0%E7%95%8C%E5%86%8D%E4%BD%8E%E4%B8%80%E5%85%A9%E5%BA%A6\')]\\n(Background on this error at: https://sqlalche.me/e/20/9h9h)\", \"success\": false, \"time\": \"2025-03-07T08:38:40.787549\"}',1,'(asyncmy.errors.DataError) (1406, \"Data too long for column \'url\' at row 1\")\n[SQL: INSERT INTO news_info (news_content, user_id, news_title, update_by, update_time, create_by, create_time, publish_time, platform, hash_tag, url) VALUES (%s, %s, %s, %s, %s, %s, %s, %s, %s, %s, %s)]\n[parameters: (\'<p>天文台在下午4時20分發出寒冷天氣警告。天文台預測本港今晚及明早天氣寒冷。市區最低氣溫約在12度左右，新界再低一兩度。市民應注意保暖，多穿禦寒衣物，並應保持室內空氣流通。市民亦應避免長時間置身在寒風中，以免著涼而影響健康。如認識獨居的長者或慢性病患者，可致電或探訪他們，了解是否需要提供幫助。 ... (2429 characters truncated) ... 片)</p><p>原文網址: 寒冷天氣警告｜天文台預測今晚及明早市區約12度\\u3000新界再低一兩度 | 香港01 https://www.hk01.com/article/60217162?utm_source=01articlecopy&amp;utm_medium=referral</p>\', 1, \'寒冷天氣警告｜天文台預測今晚及明早市區約12度\\u3000新界再低一兩度\\n\\n原文網址: 寒冷天氣警告｜天文台預測今晚及明早市區約12度\\u3000新界再低一兩度 | 香港01 \', \'admin\', datetime.datetime(2025, 3, 7, 8, 38, 40, 754736), \'admin\', datetime.datetime(2025, 3, 7, 8, 38, 40, 754736), datetime.datetime(2025, 3, 6, 0, 0), \'香港01\', \'天气\', \'https://www.hk01.com/%E5%A4%A9%E6%B0%A3/60217162/%E5%AF%92%E5%86%B7%E5%A4%A9%E6%B0%A3%E8%AD%A6%E5%91%8A-%E5%A4%A9%E6%96%87%E5%8F%B0%E9%A0%90%E6%B8%AC%E4%BB%8A%E6%99%9A%E5%8F%8A%E6%98%8E%E6%97%A9%E5%B8%82%E5%8D%80%E7%B4%8412%E5%BA%A6-%E6%96%B0%E7%95%8C%E5%86%8D%E4%BD%8E%E4%B8%80%E5%85%A9%E5%BA%A6\')]\n(Background on this error at: https://sqlalche.me/e/20/9h9h)','2025-03-07 08:38:41',3),(257,'新闻信息',1,'module_news.controller.news_info_controller.add_news_news_info()','POST',1,'admin','研发部门','/dev-api/news/news_info','','未知','请求参数过长','{\"code\": 500, \"msg\": \"(asyncmy.errors.DataError) (1406, \\\"Data too long for column \'url\' at row 1\\\")\\n[SQL: INSERT INTO news_info (news_content, user_id, news_title, update_by, update_time, create_by, create_time, publish_time, platform, hash_tag, url) VALUES (%s, %s, %s, %s, %s, %s, %s, %s, %s, %s, %s)]\\n[parameters: (\'<p>天文台在下午4時20分發出寒冷天氣警告。天文台預測本港今晚及明早天氣寒冷。市區最低氣溫約在12度左右，新界再低一兩度。市民應注意保暖，多穿禦寒衣物，並應保持室內空氣流通。市民亦應避免長時間置身在寒風中，以免著涼而影響健康。如認識獨居的長者或慢性病患者，可致電或探訪他們，了解是否需要提供幫助。 ... (2343 characters truncated) ... 截至早上10時半各區錄得的最低氣溫。(天文台圖片)\\\" height=\\\"515\\\" width=\\\"761\\\"></p><p>3月6日截至早上10時半各區錄得的最低氣溫。(天文台圖片)</p><p>原文網址: 寒冷天氣警告｜天文台預測今晚及明早市區約12度\\\\u3000新界再低一兩度 | 香港01 </p>\', 1, \'寒冷天氣警告｜天文台預測今晚及明早市區約12度\\\\u3000新界再低一兩度\\\\n\\\\n原文網址: 寒冷天氣警告｜天文台預測今晚及明早市區約12度\\\\u3000新界再低一兩度 | 香港01 \', \'admin\', datetime.datetime(2025, 3, 7, 8, 39, 45, 925382), \'admin\', datetime.datetime(2025, 3, 7, 8, 39, 45, 925382), datetime.datetime(2025, 3, 6, 0, 0), \'香港01\', \'天气\', \'https://www.hk01.com/%E5%A4%A9%E6%B0%A3/60217162/%E5%AF%92%E5%86%B7%E5%A4%A9%E6%B0%A3%E8%AD%A6%E5%91%8A-%E5%A4%A9%E6%96%87%E5%8F%B0%E9%A0%90%E6%B8%AC%E4%BB%8A%E6%99%9A%E5%8F%8A%E6%98%8E%E6%97%A9%E5%B8%82%E5%8D%80%E7%B4%8412%E5%BA%A6-%E6%96%B0%E7%95%8C%E5%86%8D%E4%BD%8E%E4%B8%80%E5%85%A9%E5%BA%A6\')]\\n(Background on this error at: https://sqlalche.me/e/20/9h9h)\", \"success\": false, \"time\": \"2025-03-07T08:39:45.961732\"}',1,'(asyncmy.errors.DataError) (1406, \"Data too long for column \'url\' at row 1\")\n[SQL: INSERT INTO news_info (news_content, user_id, news_title, update_by, update_time, create_by, create_time, publish_time, platform, hash_tag, url) VALUES (%s, %s, %s, %s, %s, %s, %s, %s, %s, %s, %s)]\n[parameters: (\'<p>天文台在下午4時20分發出寒冷天氣警告。天文台預測本港今晚及明早天氣寒冷。市區最低氣溫約在12度左右，新界再低一兩度。市民應注意保暖，多穿禦寒衣物，並應保持室內空氣流通。市民亦應避免長時間置身在寒風中，以免著涼而影響健康。如認識獨居的長者或慢性病患者，可致電或探訪他們，了解是否需要提供幫助。 ... (2343 characters truncated) ... 截至早上10時半各區錄得的最低氣溫。(天文台圖片)\" height=\"515\" width=\"761\"></p><p>3月6日截至早上10時半各區錄得的最低氣溫。(天文台圖片)</p><p>原文網址: 寒冷天氣警告｜天文台預測今晚及明早市區約12度\\u3000新界再低一兩度 | 香港01 </p>\', 1, \'寒冷天氣警告｜天文台預測今晚及明早市區約12度\\u3000新界再低一兩度\\n\\n原文網址: 寒冷天氣警告｜天文台預測今晚及明早市區約12度\\u3000新界再低一兩度 | 香港01 \', \'admin\', datetime.datetime(2025, 3, 7, 8, 39, 45, 925382), \'admin\', datetime.datetime(2025, 3, 7, 8, 39, 45, 925382), datetime.datetime(2025, 3, 6, 0, 0), \'香港01\', \'天气\', \'https://www.hk01.com/%E5%A4%A9%E6%B0%A3/60217162/%E5%AF%92%E5%86%B7%E5%A4%A9%E6%B0%A3%E8%AD%A6%E5%91%8A-%E5%A4%A9%E6%96%87%E5%8F%B0%E9%A0%90%E6%B8%AC%E4%BB%8A%E6%99%9A%E5%8F%8A%E6%98%8E%E6%97%A9%E5%B8%82%E5%8D%80%E7%B4%8412%E5%BA%A6-%E6%96%B0%E7%95%8C%E5%86%8D%E4%BD%8E%E4%B8%80%E5%85%A9%E5%BA%A6\')]\n(Background on this error at: https://sqlalche.me/e/20/9h9h)','2025-03-07 08:39:46',3),(258,'新闻信息',1,'module_news.controller.news_info_controller.add_news_news_info()','POST',1,'admin','研发部门','/dev-api/news/news_info','','未知','请求参数过长','{\"code\": 200, \"msg\": \"新增成功\", \"success\": true, \"time\": \"2025-03-07T08:41:09.856110\"}',0,'','2025-03-07 08:41:10',1),(259,'新闻信息',2,'module_news.controller.news_info_controller.edit_news_news_info()','PUT',1,'admin','研发部门','/dev-api/news/news_info','','未知','请求参数过长','{\"code\": 200, \"msg\": \"更新成功\", \"success\": true, \"time\": \"2025-03-07T08:45:16.198443\"}',0,'','2025-03-07 08:45:16',1),(260,'新闻信息',1,'module_news.controller.news_info_controller.add_news_news_info()','POST',1,'admin','研发部门','/dev-api/news/news_info','','未知','请求参数过长','{\"code\": 200, \"msg\": \"新增成功\", \"success\": true, \"time\": \"2025-03-07T08:46:33.465516\"}',0,'','2025-03-07 08:46:33',0),(261,'新闻信息',1,'module_news.controller.news_info_controller.add_news_news_info()','POST',1,'admin','研发部门','/dev-api/news/news_info','','未知','{\"newsId\": null, \"newsContent\": \"<p>a</p>\", \"userId\": 1, \"newsTitle\": \"a\", \"updateBy\": null, \"updateTime\": null, \"createBy\": null, \"createTime\": null, \"publishTime\": null, \"platform\": null, \"hashTag\": null, \"url\": null}','{\"code\": 200, \"msg\": \"新增成功\", \"success\": true, \"time\": \"2025-03-07T09:19:03.711238\"}',0,'','2025-03-07 09:19:04',1),(262,'新闻信息',1,'module_news.controller.news_info_controller.add_news_news_info()','POST',1,'admin','研发部门','/dev-api/news/news_info','','未知','{\"newsId\": null, \"newsContent\": \"<p>a</p>\", \"userId\": 1, \"newsTitle\": \"a\", \"updateBy\": null, \"updateTime\": null, \"createBy\": null, \"createTime\": null, \"publishTime\": null, \"platform\": null, \"hashTag\": null, \"url\": \"https://www.hk01.com\"}','{\"code\": 200, \"msg\": \"新增成功\", \"success\": true, \"time\": \"2025-03-07T09:19:21.536707\"}',0,'','2025-03-07 09:19:22',1),(263,'菜单管理',2,'module_admin.controller.menu_controller.edit_system_menu()','PUT',1,'admin','研发部门','/dev-api/system/menu','','未知','{\"menuId\": 2004, \"menuName\": \"新闻上传\", \"parentId\": 0, \"orderNum\": 1, \"path\": \"input\", \"component\": \"news/news_info/index\", \"query\": null, \"routeName\": \"\", \"isFrame\": 1, \"isCache\": 0, \"menuType\": \"C\", \"visible\": \"0\", \"status\": \"0\", \"perms\": \"\", \"icon\": \"build\", \"createBy\": \"admin\", \"createTime\": \"2025-03-02T11:16:49\", \"updateBy\": \"admin\", \"updateTime\": \"2025-03-06T08:39:59\", \"remark\": \"\"}','{\"code\": 500, \"msg\": \"修改菜单新闻上传失败，菜单名称已存在\", \"success\": false, \"time\": \"2025-03-07T09:26:05.227517\"}',1,'修改菜单新闻上传失败，菜单名称已存在','2025-03-07 09:26:05',1),(264,'菜单管理',3,'module_admin.controller.menu_controller.delete_system_menu()','DELETE',1,'admin','研发部门','/dev-api/system/menu/2000','','未知','{\"menu_ids\": \"2000\"}','{\"code\": 601, \"msg\": \"存在子菜单,不允许删除\", \"success\": false, \"time\": \"2025-03-07T09:26:16.254331\"}',1,'存在子菜单,不允许删除','2025-03-07 09:26:16',0),(265,'菜单管理',3,'module_admin.controller.menu_controller.delete_system_menu()','DELETE',1,'admin','研发部门','/dev-api/system/menu/2001','','未知','{\"menu_ids\": \"2001\"}','{\"code\": 200, \"msg\": \"删除成功\", \"success\": true, \"time\": \"2025-03-07T09:26:25.538379\"}',0,'','2025-03-07 09:26:26',1),(266,'菜单管理',3,'module_admin.controller.menu_controller.delete_system_menu()','DELETE',1,'admin','研发部门','/dev-api/system/menu/2002','','未知','{\"menu_ids\": \"2002\"}','{\"code\": 200, \"msg\": \"删除成功\", \"success\": true, \"time\": \"2025-03-07T09:26:30.560150\"}',0,'','2025-03-07 09:26:31',0),(267,'菜单管理',3,'module_admin.controller.menu_controller.delete_system_menu()','DELETE',1,'admin','研发部门','/dev-api/system/menu/2000','','未知','{\"menu_ids\": \"2000\"}','{\"code\": 200, \"msg\": \"删除成功\", \"success\": true, \"time\": \"2025-03-07T09:26:34.085869\"}',0,'','2025-03-07 09:26:34',1),(268,'菜单管理',2,'module_admin.controller.menu_controller.edit_system_menu()','PUT',1,'admin','研发部门','/dev-api/system/menu','','未知','{\"menuId\": 2004, \"menuName\": \"新闻上传\", \"parentId\": 0, \"orderNum\": 1, \"path\": \"input\", \"component\": \"news/news_info/index\", \"query\": null, \"routeName\": \"\", \"isFrame\": 1, \"isCache\": 0, \"menuType\": \"C\", \"visible\": \"0\", \"status\": \"0\", \"perms\": \"\", \"icon\": \"build\", \"createBy\": \"admin\", \"createTime\": \"2025-03-02T11:16:49\", \"updateBy\": \"admin\", \"updateTime\": \"2025-03-06T08:39:59\", \"remark\": \"\"}','{\"code\": 200, \"msg\": \"更新成功\", \"success\": true, \"time\": \"2025-03-07T09:26:58.698893\"}',0,'','2025-03-07 09:26:59',1),(269,'菜单管理',2,'module_admin.controller.menu_controller.edit_system_menu()','PUT',1,'admin','研发部门','/dev-api/system/menu','','未知','{\"menuId\": 2004, \"menuName\": \"新闻上传\", \"parentId\": 0, \"orderNum\": 1, \"path\": \"input\", \"component\": \"news/news_info/index\", \"query\": null, \"routeName\": \"\", \"isFrame\": 1, \"isCache\": 0, \"menuType\": \"C\", \"visible\": \"1\", \"status\": \"0\", \"perms\": \"\", \"icon\": \"build\", \"createBy\": \"admin\", \"createTime\": \"2025-03-02T11:16:49\", \"updateBy\": \"admin\", \"updateTime\": \"2025-03-07T09:26:59\", \"remark\": \"\"}','{\"code\": 200, \"msg\": \"更新成功\", \"success\": true, \"time\": \"2025-03-07T09:27:10.798823\"}',0,'','2025-03-07 09:27:11',0),(270,'菜单管理',2,'module_admin.controller.menu_controller.edit_system_menu()','PUT',1,'admin','研发部门','/dev-api/system/menu','','未知','{\"menuId\": 2004, \"menuName\": \"新闻上传\", \"parentId\": 0, \"orderNum\": 1, \"path\": \"input\", \"component\": \"news/news_info/index\", \"query\": null, \"routeName\": \"\", \"isFrame\": 1, \"isCache\": 0, \"menuType\": \"C\", \"visible\": \"0\", \"status\": \"0\", \"perms\": \"\", \"icon\": \"build\", \"createBy\": \"admin\", \"createTime\": \"2025-03-02T11:16:49\", \"updateBy\": \"admin\", \"updateTime\": \"2025-03-07T09:27:11\", \"remark\": \"\"}','{\"code\": 200, \"msg\": \"更新成功\", \"success\": true, \"time\": \"2025-03-07T09:27:28.983597\"}',0,'','2025-03-07 09:27:29',0),(271,'菜单管理',2,'module_admin.controller.menu_controller.edit_system_menu()','PUT',1,'admin','研发部门','/dev-api/system/menu','','未知','{\"menuId\": 2004, \"menuName\": \"新闻上传\", \"parentId\": 0, \"orderNum\": 0, \"path\": \"input\", \"component\": \"news/news_info/index\", \"query\": null, \"routeName\": \"\", \"isFrame\": 1, \"isCache\": 0, \"menuType\": \"C\", \"visible\": \"0\", \"status\": \"0\", \"perms\": \"\", \"icon\": \"build\", \"createBy\": \"admin\", \"createTime\": \"2025-03-02T11:16:49\", \"updateBy\": \"admin\", \"updateTime\": \"2025-03-07T09:27:29\", \"remark\": \"\"}','{\"code\": 200, \"msg\": \"更新成功\", \"success\": true, \"time\": \"2025-03-07T09:28:10.184652\"}',0,'','2025-03-07 09:28:10',1),(272,'菜单管理',1,'module_admin.controller.menu_controller.add_system_menu()','POST',1,'admin','研发部门','/dev-api/system/menu','','未知','{\"parentId\": 2004, \"menuName\": \"新闻详情\", \"icon\": \"clipboard\", \"menuType\": \"C\", \"orderNum\": 1, \"isFrame\": 1, \"isCache\": 0, \"visible\": \"0\", \"status\": \"0\", \"path\": \"data\", \"component\": \"news/news_info/data_index\"}','{\"code\": 200, \"msg\": \"新增成功\", \"success\": true, \"time\": \"2025-03-07T09:43:52.047087\"}',0,'','2025-03-07 09:43:52',1),(273,'菜单管理',3,'module_admin.controller.menu_controller.delete_system_menu()','DELETE',1,'admin','研发部门','/dev-api/system/menu/2029','','未知','{\"menu_ids\": \"2029\"}','{\"code\": 200, \"msg\": \"删除成功\", \"success\": true, \"time\": \"2025-03-07T09:44:24.744602\"}',0,'','2025-03-07 09:44:25',0),(274,'菜单管理',1,'module_admin.controller.menu_controller.add_system_menu()','POST',1,'admin','研发部门','/dev-api/system/menu','','未知','{\"parentId\": 0, \"menuName\": \"新闻详情\", \"icon\": \"bug\", \"menuType\": \"C\", \"orderNum\": 1, \"isFrame\": 1, \"isCache\": 0, \"visible\": \"0\", \"status\": \"0\", \"path\": \"data\", \"component\": \"news/news_info/data_index\"}','{\"code\": 200, \"msg\": \"新增成功\", \"success\": true, \"time\": \"2025-03-07T09:45:01.094222\"}',0,'','2025-03-07 09:45:01',1),(275,'菜单管理',3,'module_admin.controller.menu_controller.delete_system_menu()','DELETE',1,'admin','研发部门','/dev-api/system/menu/2030','','未知','{\"menu_ids\": \"2030\"}','{\"code\": 200, \"msg\": \"删除成功\", \"success\": true, \"time\": \"2025-03-07T09:50:51.373084\"}',0,'','2025-03-07 09:50:51',0),(276,'菜单管理',1,'module_admin.controller.menu_controller.add_system_menu()','POST',1,'admin','研发部门','/dev-api/system/menu','','未知','{\"parentId\": 0, \"menuName\": \"新闻详情\", \"icon\": \"404\", \"menuType\": \"C\", \"orderNum\": 1, \"isFrame\": 1, \"isCache\": 0, \"visible\": \"0\", \"status\": \"0\", \"path\": \"data_index\", \"component\": \"news/news_info/data_index\"}','{\"code\": 200, \"msg\": \"新增成功\", \"success\": true, \"time\": \"2025-03-07T09:54:34.345982\"}',0,'','2025-03-07 09:54:34',1),(277,'菜单管理',2,'module_admin.controller.menu_controller.edit_system_menu()','PUT',1,'admin','研发部门','/dev-api/system/menu','','未知','{\"menuId\": 2031, \"menuName\": \"新闻详情\", \"parentId\": 0, \"orderNum\": 1, \"path\": \"data_index\", \"component\": \"news/news_info/data_index\", \"query\": \"newsId\", \"routeName\": \"\", \"isFrame\": 1, \"isCache\": 0, \"menuType\": \"C\", \"visible\": \"0\", \"status\": \"0\", \"perms\": null, \"icon\": \"404\", \"createBy\": \"admin\", \"createTime\": \"2025-03-07T09:54:34\", \"updateBy\": \"admin\", \"updateTime\": \"2025-03-07T09:54:34\", \"remark\": \"\"}','{\"code\": 200, \"msg\": \"更新成功\", \"success\": true, \"time\": \"2025-03-07T10:01:07.152861\"}',0,'','2025-03-07 10:01:07',1),(278,'菜单管理',1,'module_admin.controller.menu_controller.add_system_menu()','POST',1,'admin','研发部门','/dev-api/system/menu','','未知','{\"parentId\": 0, \"menuName\": \"新闻详情\", \"icon\": \"bug\", \"menuType\": \"C\", \"orderNum\": 1, \"isFrame\": 1, \"isCache\": 0, \"visible\": \"1\", \"status\": \"0\", \"path\": \"data_index\", \"component\": \"news/news_info/data_index\", \"query\": \"newsId\"}','{\"code\": 200, \"msg\": \"新增成功\", \"success\": true, \"time\": \"2025-03-07T10:03:01.978816\"}',0,'','2025-03-07 10:03:02',1),(279,'菜单管理',2,'module_admin.controller.menu_controller.edit_system_menu()','PUT',1,'admin','研发部门','/dev-api/system/menu','','未知','{\"menuId\": 2032, \"menuName\": \"新闻详情\", \"parentId\": 0, \"orderNum\": 1, \"path\": \"data_index\", \"component\": \"news/news_info/data_index\", \"query\": \"newsId\", \"routeName\": \"\", \"isFrame\": 1, \"isCache\": 0, \"menuType\": \"C\", \"visible\": \"0\", \"status\": \"0\", \"perms\": null, \"icon\": \"bug\", \"createBy\": \"admin\", \"createTime\": \"2025-03-07T10:03:02\", \"updateBy\": \"admin\", \"updateTime\": \"2025-03-07T10:03:02\", \"remark\": \"\"}','{\"code\": 200, \"msg\": \"更新成功\", \"success\": true, \"time\": \"2025-03-07T10:03:38.629276\"}',0,'','2025-03-07 10:03:39',0),(280,'菜单管理',1,'module_admin.controller.menu_controller.add_system_menu()','POST',1,'admin','研发部门','/dev-api/system/menu','','未知','{\"parentId\": 0, \"menuName\": \"新闻详情\", \"icon\": \"bug\", \"menuType\": \"C\", \"orderNum\": 1, \"isFrame\": 1, \"isCache\": 0, \"visible\": \"0\", \"status\": \"0\", \"path\": \"data_index\", \"component\": \"news/news_info/data_index\"}','{\"code\": 200, \"msg\": \"新增成功\", \"success\": true, \"time\": \"2025-03-07T10:11:24.611178\"}',0,'','2025-03-07 10:11:25',1),(281,'菜单管理',2,'module_admin.controller.menu_controller.edit_system_menu()','PUT',1,'admin','研发部门','/dev-api/system/menu','','未知','{\"menuId\": 2033, \"menuName\": \"新闻详情\", \"parentId\": 0, \"orderNum\": 1, \"path\": \"data_index\", \"component\": \"news/news_info/data_index\", \"query\": \"newsId\", \"routeName\": \"\", \"isFrame\": 1, \"isCache\": 0, \"menuType\": \"C\", \"visible\": \"0\", \"status\": \"0\", \"perms\": null, \"icon\": \"bug\", \"createBy\": \"admin\", \"createTime\": \"2025-03-07T10:11:25\", \"updateBy\": \"admin\", \"updateTime\": \"2025-03-07T10:11:25\", \"remark\": \"\"}','{\"code\": 200, \"msg\": \"更新成功\", \"success\": true, \"time\": \"2025-03-07T10:22:07.495804\"}',0,'','2025-03-07 10:22:07',0),(282,'菜单管理',2,'module_admin.controller.menu_controller.edit_system_menu()','PUT',1,'admin','研发部门','/dev-api/system/menu','','未知','{\"menuId\": 2033, \"menuName\": \"新闻详情\", \"parentId\": 0, \"orderNum\": 1, \"path\": \"test\", \"component\": \"\", \"query\": \"\", \"routeName\": \"\", \"isFrame\": 1, \"isCache\": 0, \"menuType\": \"C\", \"visible\": \"0\", \"status\": \"0\", \"perms\": null, \"icon\": \"bug\", \"createBy\": \"admin\", \"createTime\": \"2025-03-07T10:11:25\", \"updateBy\": \"admin\", \"updateTime\": \"2025-03-07T10:22:07\", \"remark\": \"\"}','{\"code\": 200, \"msg\": \"更新成功\", \"success\": true, \"time\": \"2025-03-07T10:32:24.802834\"}',0,'','2025-03-07 10:32:25',1),(283,'菜单管理',1,'module_admin.controller.menu_controller.add_system_menu()','POST',1,'admin','研发部门','/dev-api/system/menu','','未知','{\"parentId\": 0, \"menuName\": \"test\", \"routeName\": \"DataIndex\", \"icon\": \"404\", \"menuType\": \"C\", \"orderNum\": 1, \"isFrame\": 1, \"isCache\": 0, \"visible\": \"0\", \"status\": \"0\", \"path\": \"data_index/:newsId\", \"component\": \"news/news_info/data_index\", \"query\": \"newsId\"}','{\"code\": 200, \"msg\": \"新增成功\", \"success\": true, \"time\": \"2025-03-07T10:56:40.684338\"}',0,'','2025-03-07 10:56:41',1),(284,'菜单管理',2,'module_admin.controller.menu_controller.edit_system_menu()','PUT',1,'admin','研发部门','/dev-api/system/menu','','未知','{\"menuId\": 2034, \"menuName\": \"test\", \"parentId\": 0, \"orderNum\": 1, \"path\": \"data_index/:newsId\", \"component\": \"news/news_info/data_index\", \"query\": \"\", \"routeName\": \"DataIndex\", \"isFrame\": 1, \"isCache\": 0, \"menuType\": \"C\", \"visible\": \"0\", \"status\": \"0\", \"perms\": null, \"icon\": \"404\", \"createBy\": \"admin\", \"createTime\": \"2025-03-07T10:56:41\", \"updateBy\": \"admin\", \"updateTime\": \"2025-03-07T10:56:41\", \"remark\": \"\"}','{\"code\": 200, \"msg\": \"更新成功\", \"success\": true, \"time\": \"2025-03-07T10:58:56.219996\"}',0,'','2025-03-07 10:58:56',0),(285,'菜单管理',3,'module_admin.controller.menu_controller.delete_system_menu()','DELETE',1,'admin','研发部门','/dev-api/system/menu/2034','','未知','{\"menu_ids\": \"2034\"}','{\"code\": 200, \"msg\": \"删除成功\", \"success\": true, \"time\": \"2025-03-07T10:59:23.623426\"}',0,'','2025-03-07 10:59:24',0),(286,'用户管理',6,'module_admin.controller.user_controller.batch_import_system_user()','POST',1,'admin','研发部门','/dev-api/system/user/importData','','未知','file: UploadFile(filename=\'新建 Microsoft Excel 工作表.xlsx\', size=6617, headers=Headers({\'content-disposition\': \'form-data; name=\"file\"; filename=\"æ\\x96°å»º Microsoft Excel å·¥ä½\\x9cè¡¨.xlsx\"\', \'content-type\': \'application/vnd.openxmlformats-officedocument.spreadsheetml.sheet\'}))','{\"code\": 200, \"msg\": \"\", \"success\": true, \"time\": \"2025-03-07T15:06:12.351331\"}',0,'','2025-03-07 15:06:12',3),(287,'菜单管理',1,'module_admin.controller.menu_controller.add_system_menu()','POST',1,'admin','研发部门','/dev-api/system/menu','','未知','{\"parentId\": 0, \"menuName\": \"详情\", \"routeName\": \"DataIndex\", \"icon\": \"build\", \"menuType\": \"C\", \"orderNum\": 1, \"isFrame\": 1, \"isCache\": 0, \"visible\": \"0\", \"status\": \"0\", \"path\": \"/news/news_info /data_index/:newsId\"}','{\"code\": 200, \"msg\": \"新增成功\", \"success\": true, \"time\": \"2025-03-10T08:06:49.452168\"}',0,'','2025-03-10 08:06:49',1),(288,'菜单管理',2,'module_admin.controller.menu_controller.edit_system_menu()','PUT',1,'admin','研发部门','/dev-api/system/menu','','未知','{\"menuId\": 2035, \"menuName\": \"详情\", \"parentId\": 0, \"orderNum\": 1, \"path\": \"data_index\", \"component\": \"news/news_info/data_index\", \"query\": \"{\\\"newsId\\\": 1}\", \"routeName\": \"DataIndex\", \"isFrame\": 1, \"isCache\": 0, \"menuType\": \"C\", \"visible\": \"0\", \"status\": \"0\", \"perms\": null, \"icon\": \"build\", \"createBy\": \"admin\", \"createTime\": \"2025-03-10T08:06:49\", \"updateBy\": \"admin\", \"updateTime\": \"2025-03-10T08:06:49\", \"remark\": \"\"}','{\"code\": 200, \"msg\": \"更新成功\", \"success\": true, \"time\": \"2025-03-10T08:08:21.435150\"}',0,'','2025-03-10 08:08:21',1),(289,'菜单管理',2,'module_admin.controller.menu_controller.edit_system_menu()','PUT',1,'admin','研发部门','/dev-api/system/menu','','未知','{\"menuId\": 2035, \"menuName\": \"详情\", \"parentId\": 0, \"orderNum\": 1, \"path\": \"data_index\", \"component\": \"news/news_info/data_index\", \"query\": \"{\\\"newsId\\\": 1}\", \"routeName\": \"DataIndex\", \"isFrame\": 1, \"isCache\": 0, \"menuType\": \"C\", \"visible\": \"0\", \"status\": \"0\", \"perms\": null, \"icon\": \"build\", \"createBy\": \"admin\", \"createTime\": \"2025-03-10T08:06:49\", \"updateBy\": \"admin\", \"updateTime\": \"2025-03-10T08:08:21\", \"remark\": \"\"}','{\"code\": 200, \"msg\": \"更新成功\", \"success\": true, \"time\": \"2025-03-10T08:08:32.763593\"}',0,'','2025-03-10 08:08:33',1),(290,'菜单管理',3,'module_admin.controller.menu_controller.delete_system_menu()','DELETE',1,'admin','研发部门','/dev-api/system/menu/2033','','未知','{\"menu_ids\": \"2033\"}','{\"code\": 200, \"msg\": \"删除成功\", \"success\": true, \"time\": \"2025-03-10T08:20:11.789152\"}',0,'','2025-03-10 08:20:12',0),(291,'菜单管理',2,'module_admin.controller.menu_controller.edit_system_menu()','PUT',1,'admin','研发部门','/dev-api/system/menu','','未知','{\"menuId\": 2035, \"menuName\": \"新闻详情\", \"parentId\": 0, \"orderNum\": 1, \"path\": \"data_index\", \"component\": \"news/news_info/data_index\", \"query\": \"{\\\"newsId\\\": 1}\", \"routeName\": \"DataIndex\", \"isFrame\": 1, \"isCache\": 0, \"menuType\": \"C\", \"visible\": \"0\", \"status\": \"0\", \"perms\": null, \"icon\": \"build\", \"createBy\": \"admin\", \"createTime\": \"2025-03-10T08:06:49\", \"updateBy\": \"admin\", \"updateTime\": \"2025-03-10T08:08:33\", \"remark\": \"\"}','{\"code\": 200, \"msg\": \"更新成功\", \"success\": true, \"time\": \"2025-03-10T08:20:18.421352\"}',0,'','2025-03-10 08:20:18',1),(292,'新闻信息',5,'module_news.controller.news_info_controller.export_news_news_info_list()','POST',1,'admin','研发部门','/dev-api/news/news_info/export','','未知','pageNum: 1\npageSize: 10','{\"code\": 200, \"message\": \"获取成功\"}',0,'','2025-03-10 09:02:27',13),(293,'新闻信息',5,'module_news.controller.news_info_controller.export_news_news_info_list()','POST',1,'admin','研发部门','/dev-api/news/news_info/export','','未知','pageNum: 1\npageSize: 10','{\"code\": 200, \"message\": \"获取成功\"}',0,'','2025-03-10 09:04:33',1),(294,'新闻信息',1,'module_news.controller.news_info_controller.add_news_news_info()','POST',1,'admin','研发部门','/dev-api/news/news_info','','未知','请求参数过长','{\"code\": 200, \"msg\": \"新增成功\", \"success\": true, \"time\": \"2025-03-10T09:13:53.999848\"}',0,'','2025-03-10 09:13:54',1),(295,'新闻信息',3,'module_news.controller.news_info_controller.delete_news_news_info()','DELETE',1,'admin','研发部门','/dev-api/news/news_info/104,107,108,109,110,111,112','','未知','{\"news_ids\": \"104,107,108,109,110,111,112\"}','{\"code\": 200, \"msg\": \"删除成功\", \"success\": true, \"time\": \"2025-03-10T09:35:42.135252\"}',0,'','2025-03-10 09:35:42',2),(296,'菜单管理',1,'module_admin.controller.menu_controller.add_system_menu()','POST',1,'admin','研发部门','/dev-api/system/menu','','未知','{\"parentId\": 0, \"menuName\": \"新闻举报\", \"routeName\": \"Report\", \"icon\": \"sunny\", \"menuType\": \"C\", \"orderNum\": 1, \"isFrame\": 1, \"isCache\": 0, \"visible\": \"0\", \"status\": \"0\", \"path\": \"report\", \"component\": \"report/index\"}','{\"code\": 200, \"msg\": \"新增成功\", \"success\": true, \"time\": \"2025-03-10T09:47:34.919268\"}',0,'','2025-03-10 09:47:35',1),(297,'菜单管理',1,'module_admin.controller.menu_controller.add_system_menu()','POST',1,'admin','研发部门','/dev-api/system/menu','','未知','{\"parentId\": 0, \"menuName\": \"test\", \"routeName\": \"upload\", \"icon\": \"404\", \"menuType\": \"C\", \"orderNum\": 1, \"isFrame\": 1, \"isCache\": 0, \"visible\": \"0\", \"status\": \"0\", \"path\": \"upload\", \"component\": \"news/news_info/batch\"}','{\"code\": 200, \"msg\": \"新增成功\", \"success\": true, \"time\": \"2025-03-13T19:04:13.322143\"}',0,'','2025-03-13 19:04:13',1),(298,'新闻信息',3,'module_news.controller.news_info_controller.delete_news_news_info()','DELETE',1,'admin','研发部门','/dev-api/news/news_info/100','','未知','{\"news_ids\": \"100\"}','{\"code\": 200, \"msg\": \"删除成功\", \"success\": true, \"time\": \"2025-03-18T08:14:14.993057\"}',0,'','2025-03-18 08:14:15',1),(299,'新闻信息',3,'module_news.controller.news_info_controller.delete_news_news_info()','DELETE',1,'admin','研发部门','/dev-api/news/news_info/115','','未知','{\"news_ids\": \"115\"}','{\"code\": 200, \"msg\": \"删除成功\", \"success\": true, \"time\": \"2025-03-18T08:14:19.117797\"}',0,'','2025-03-18 08:14:19',1),(300,'新闻信息',3,'module_news.controller.news_info_controller.delete_news_news_info()','DELETE',1,'admin','研发部门','/dev-api/news/news_info/116','','未知','{\"news_ids\": \"116\"}','{\"code\": 200, \"msg\": \"删除成功\", \"success\": true, \"time\": \"2025-03-18T08:14:20.906688\"}',0,'','2025-03-18 08:14:21',0),(301,'新闻检测',0,'module_news.controller.detection_task_controller.detect_news_news_info()','POST',1,'admin','研发部门','/dev-api/detection/detection_task','','未知','{\"news_ids\": [113, 114, 117]}','{\"code\": 200, \"msg\": \"新增成功\", \"success\": true, \"time\": \"2025-03-18T10:49:17.602279\"}',0,'','2025-03-18 10:49:18',4),(302,'新闻检测',0,'module_news.controller.detection_task_controller.detect_news_news_info()','POST',1,'admin','研发部门','/dev-api/detection/detection_task','','未知','{\"news_ids\": [113, 114, 117]}','{\"code\": 200, \"msg\": \"新增成功\", \"success\": true, \"time\": \"2025-03-18T10:49:26.745775\"}',0,'','2025-03-18 10:49:27',6),(303,'新闻检测',0,'module_news.controller.refutation_controller.detect_news_news_info()','POST',1,'admin','研发部门','/dev-api/news/news_refutation','','未知','{\"news_ids\": 113}','{\"code\": 500, \"msg\": \"\'int\' object is not iterable\", \"success\": false, \"time\": \"2025-03-18T10:51:26.111154\"}',1,'\'int\' object is not iterable','2025-03-18 10:51:26',25),(304,'新闻检测',0,'module_news.controller.refutation_controller.detect_news_news_info()','POST',1,'admin','研发部门','/dev-api/news/news_refutation','','未知','{\"news_ids\": 113}','{\"code\": 500, \"msg\": \"name \'news_id\' is not defined\", \"success\": false, \"time\": \"2025-03-18T10:51:57.875098\"}',1,'name \'news_id\' is not defined','2025-03-18 10:51:58',19),(305,'新闻检测',0,'module_news.controller.refutation_controller.detect_news_news_info()','POST',1,'admin','研发部门','/dev-api/news/news_refutation','','未知','{\"news_ids\": 113}','{\"code\": 500, \"msg\": \"\'News_infoModel\' object has no attribute \'get\'\", \"success\": false, \"time\": \"2025-03-18T10:52:30.397411\"}',1,'\'News_infoModel\' object has no attribute \'get\'','2025-03-18 10:52:30',20),(306,'新闻检测',0,'module_news.controller.refutation_controller.detect_news_news_info()','POST',1,'admin','研发部门','/dev-api/news/news_refutation','','未知','{\"news_ids\": 113}','{\"code\": 500, \"msg\": \"\'coroutine\' object has no attribute \'data\'\", \"success\": false, \"time\": \"2025-03-18T10:53:57.500231\"}',1,'\'coroutine\' object has no attribute \'data\'','2025-03-18 10:53:57',19),(307,'新闻检测',0,'module_news.controller.refutation_controller.detect_news_news_info()','POST',1,'admin','研发部门','/dev-api/news/news_refutation','','未知','{\"news_ids\": 113}','{\"code\": 500, \"msg\": \"\'News_infoModel\' object has no attribute \'new_title\'\", \"success\": false, \"time\": \"2025-03-18T10:55:17.836894\"}',1,'\'News_infoModel\' object has no attribute \'new_title\'','2025-03-18 10:55:18',20),(308,'新闻检测',0,'module_news.controller.refutation_controller.detect_news_news_info()','POST',1,'admin','研发部门','/dev-api/news/news_refutation','','未知','{\"news_ids\": 113}','{\"code\": 200, \"msg\": null, \"success\": true, \"time\": \"2025-03-18T10:59:12.211186\"}',0,'','2025-03-18 10:58:37',3550),(309,'新闻检测',0,'module_news.controller.refutation_controller.detect_news_news_info()','POST',1,'admin','研发部门','/dev-api/news/news_refutation','','未知','{\"news_ids\": 113}','{\"code\": 500, \"msg\": \"Message: Could not locate element with visible text: 天气; For documentation on this error, please visit: https://www.selenium.dev/documentation/webdriver/troubleshooting/errors#no-such-element-exception\\n\", \"success\": false, \"time\": \"2025-03-18T11:00:33.878228\"}',1,'Message: Could not locate element with visible text: 天气; For documentation on this error, please visit: https://www.selenium.dev/documentation/webdriver/troubleshooting/errors#no-such-element-exception\n','2025-03-18 11:00:32',245),(310,'新闻检测',0,'module_news.controller.refutation_controller.detect_news_news_info()','POST',1,'admin','研发部门','/dev-api/news/news_refutation','','未知','{\"news_ids\": 113}','{\"code\": 500, \"msg\": \"Message: Could not locate element with visible text: 天气; For documentation on this error, please visit: https://www.selenium.dev/documentation/webdriver/troubleshooting/errors#no-such-element-exception\\n\", \"success\": false, \"time\": \"2025-03-18T11:01:53.918627\"}',1,'Message: Could not locate element with visible text: 天气; For documentation on this error, please visit: https://www.selenium.dev/documentation/webdriver/troubleshooting/errors#no-such-element-exception\n','2025-03-18 11:01:52',230),(311,'新闻检测',0,'module_news.controller.refutation_controller.detect_news_news_info()','POST',1,'admin','研发部门','/dev-api/news/news_refutation','','未知','{\"news_ids\": 113}','{\"code\": 500, \"msg\": \"Message: Could not locate element with visible text: 天气; For documentation on this error, please visit: https://www.selenium.dev/documentation/webdriver/troubleshooting/errors#no-such-element-exception\\n\", \"success\": false, \"time\": \"2025-03-18T11:02:33.890433\"}',1,'Message: Could not locate element with visible text: 天气; For documentation on this error, please visit: https://www.selenium.dev/documentation/webdriver/troubleshooting/errors#no-such-element-exception\n','2025-03-18 11:02:32',231),(312,'新闻检测',0,'module_news.controller.refutation_controller.detect_news_news_info()','POST',1,'admin','研发部门','/dev-api/news/news_refutation','','未知','{\"news_ids\": 113}','{\"code\": 500, \"msg\": \"Message: Could not locate element with visible text: 天气; For documentation on this error, please visit: https://www.selenium.dev/documentation/webdriver/troubleshooting/errors#no-such-element-exception\\n\", \"success\": false, \"time\": \"2025-03-18T11:04:06.133516\"}',1,'Message: Could not locate element with visible text: 天气; For documentation on this error, please visit: https://www.selenium.dev/documentation/webdriver/troubleshooting/errors#no-such-element-exception\n','2025-03-18 11:03:54',1262),(313,'新闻检测',0,'module_news.controller.refutation_controller.detect_news_news_info()','POST',1,'admin','研发部门','/dev-api/news/news_refutation','','未知','{\"news_ids\": 113}','{\"code\": 500, \"msg\": \"Message: Could not locate element with visible text: 天气; For documentation on this error, please visit: https://www.selenium.dev/documentation/webdriver/troubleshooting/errors#no-such-element-exception\\n\", \"success\": false, \"time\": \"2025-03-18T11:05:08.337188\"}',1,'Message: Could not locate element with visible text: 天气; For documentation on this error, please visit: https://www.selenium.dev/documentation/webdriver/troubleshooting/errors#no-such-element-exception\n','2025-03-18 11:04:56',1254),(314,'新闻检测',0,'module_news.controller.refutation_controller.detect_news_news_info()','POST',1,'admin','研发部门','/dev-api/news/news_refutation','','未知','{\"news_ids\": 113}','{\"code\": 200, \"msg\": null, \"success\": true, \"time\": \"2025-03-18T11:07:14.848738\"}',0,'','2025-03-18 11:06:10',6460),(315,'新闻检测',0,'module_news.controller.refutation_controller.detect_news_news_info()','POST',1,'admin','研发部门','/dev-api/news/news_refutation','','未知','{\"news_ids\": 113}','{\"code\": 200, \"msg\": null, \"success\": true, \"time\": \"2025-03-18T11:08:02.763697\"}',0,'','2025-03-18 11:07:26',3677),(316,'用户管理',3,'module_admin.controller.user_controller.delete_system_user()','DELETE',1,'admin','研发部门','/dev-api/system/user/100','','未知','{\"user_ids\": \"100\"}','{\"code\": 200, \"msg\": \"删除成功\", \"success\": true, \"time\": \"2025-03-19T18:32:29.282853\"}',0,'','2025-03-19 18:32:29',1),(317,'用户管理',1,'module_admin.controller.user_controller.add_system_user()','POST',1,'admin','研发部门','/dev-api/system/user','','未知','{\"deptId\": 105, \"userName\": \"test\", \"nickName\": \"测试\", \"password\": \"23333\", \"phonenumber\": \"19402461822\", \"email\": \"\", \"sex\": \"2\", \"status\": \"0\", \"postIds\": [], \"roleIds\": []}','{\"code\": 200, \"msg\": \"新增成功\", \"success\": true, \"time\": \"2025-03-19T18:34:29.555565\"}',0,'','2025-03-19 18:34:29',24),(318,'用户管理',2,'module_admin.controller.user_controller.edit_system_user()','PUT',1,'admin','研发部门','/dev-api/system/user','','未知','{\"userId\": 101, \"deptId\": 105, \"userName\": \"test\", \"nickName\": \"测试\", \"userType\": \"00\", \"email\": \"\", \"phonenumber\": \"19402461822\", \"sex\": \"2\", \"avatar\": \"\", \"status\": \"0\", \"delFlag\": \"0\", \"loginIp\": \"\", \"loginDate\": \"2025-03-19T18:34:44\", \"createBy\": \"admin\", \"createTime\": \"2025-03-19T18:34:30\", \"updateBy\": \"admin\", \"updateTime\": \"2025-03-19T18:34:30\", \"remark\": null, \"admin\": false, \"postIds\": [], \"roleIds\": [2], \"dept\": {\"deptId\": 105, \"parentId\": 101, \"ancestors\": \"0,100,101\", \"deptName\": \"测试部门\", \"orderNum\": 3, \"leader\": \"年糕\", \"phone\": \"15888888888\", \"email\": \"niangao@qq.com\", \"status\": \"0\", \"delFlag\": \"0\", \"createBy\": \"admin\", \"createTime\": \"2025-03-02T10:34:17\", \"updateBy\": \"\", \"updateTime\": null}, \"role\": []}','{\"code\": 200, \"msg\": \"更新成功\", \"success\": true, \"time\": \"2025-03-19T18:35:55.627816\"}',0,'','2025-03-19 18:35:56',3),(319,'新闻检测',0,'module_news.controller.refutation_controller.detect_news_news_info()','POST',1,'admin','研发部门','/dev-api/news/news_refutation','','未知','{\"news_ids\": 113}','{\"code\": 200, \"msg\": null, \"success\": true, \"time\": \"2025-03-19T19:18:52.635327\"}',0,'','2025-03-19 19:18:15',3752),(320,'菜单管理',3,'module_admin.controller.menu_controller.delete_system_menu()','DELETE',1,'admin','研发部门','/dev-api/system/menu/2042','','未知','{\"menu_ids\": \"2042\"}','{\"code\": 200, \"msg\": \"删除成功\", \"success\": true, \"time\": \"2025-03-29T08:01:11.934945\"}',0,'','2025-03-29 08:01:12',1),(321,'菜单管理',2,'module_admin.controller.menu_controller.edit_system_menu()','PUT',1,'admin','研发部门','/dev-api/system/menu','','未知','{\"menuId\": 2035, \"menuName\": \"新闻详情\", \"parentId\": 0, \"orderNum\": 1, \"path\": \"data_index\", \"component\": \"news/news_info/data_index\", \"query\": \"{\\\"newsId\\\": 1}\", \"routeName\": \"DataIndex\", \"isFrame\": 1, \"isCache\": 0, \"menuType\": \"C\", \"visible\": \"1\", \"status\": \"0\", \"perms\": null, \"icon\": \"build\", \"createBy\": \"admin\", \"createTime\": \"2025-03-10T08:06:49\", \"updateBy\": \"admin\", \"updateTime\": \"2025-03-10T08:20:18\", \"remark\": \"\"}','{\"code\": 200, \"msg\": \"更新成功\", \"success\": true, \"time\": \"2025-03-29T08:01:25.680827\"}',0,'','2025-03-29 08:01:26',2);
/*!40000 ALTER TABLE `sys_oper_log` ENABLE KEYS */;
UNLOCK TABLES;

--
-- Table structure for table `sys_post`
--

DROP TABLE IF EXISTS `sys_post`;
/*!40101 SET @saved_cs_client     = @@character_set_client */;
/*!50503 SET character_set_client = utf8mb4 */;
CREATE TABLE `sys_post` (
  `post_id` bigint NOT NULL AUTO_INCREMENT COMMENT '岗位ID',
  `post_code` varchar(64) NOT NULL COMMENT '岗位编码',
  `post_name` varchar(50) NOT NULL COMMENT '岗位名称',
  `post_sort` int NOT NULL COMMENT '显示顺序',
  `status` char(1) NOT NULL COMMENT '状态（0正常 1停用）',
  `create_by` varchar(64) DEFAULT '' COMMENT '创建者',
  `create_time` datetime DEFAULT NULL COMMENT '创建时间',
  `update_by` varchar(64) DEFAULT '' COMMENT '更新者',
  `update_time` datetime DEFAULT NULL COMMENT '更新时间',
  `remark` varchar(500) DEFAULT NULL COMMENT '备注',
  PRIMARY KEY (`post_id`)
) ENGINE=InnoDB AUTO_INCREMENT=5 DEFAULT CHARSET=utf8mb4 COLLATE=utf8mb4_0900_ai_ci COMMENT='岗位信息表';
/*!40101 SET character_set_client = @saved_cs_client */;

--
-- Dumping data for table `sys_post`
--

LOCK TABLES `sys_post` WRITE;
/*!40000 ALTER TABLE `sys_post` DISABLE KEYS */;
INSERT INTO `sys_post` VALUES (1,'ceo','董事长',1,'0','admin','2025-03-02 10:34:17','',NULL,''),(2,'se','项目经理',2,'0','admin','2025-03-02 10:34:17','',NULL,''),(3,'hr','人力资源',3,'0','admin','2025-03-02 10:34:17','',NULL,''),(4,'user','普通员工',4,'0','admin','2025-03-02 10:34:17','',NULL,'');
/*!40000 ALTER TABLE `sys_post` ENABLE KEYS */;
UNLOCK TABLES;

--
-- Table structure for table `sys_role`
--

DROP TABLE IF EXISTS `sys_role`;
/*!40101 SET @saved_cs_client     = @@character_set_client */;
/*!50503 SET character_set_client = utf8mb4 */;
CREATE TABLE `sys_role` (
  `role_id` bigint NOT NULL AUTO_INCREMENT COMMENT '角色ID',
  `role_name` varchar(30) NOT NULL COMMENT '角色名称',
  `role_key` varchar(100) NOT NULL COMMENT '角色权限字符串',
  `role_sort` int NOT NULL COMMENT '显示顺序',
  `data_scope` char(1) DEFAULT '1' COMMENT '数据范围（1：全部数据权限 2：自定数据权限 3：本部门数据权限 4：本部门及以下数据权限）',
  `menu_check_strictly` tinyint(1) DEFAULT '1' COMMENT '菜单树选择项是否关联显示',
  `dept_check_strictly` tinyint(1) DEFAULT '1' COMMENT '部门树选择项是否关联显示',
  `status` char(1) NOT NULL COMMENT '角色状态（0正常 1停用）',
  `del_flag` char(1) DEFAULT '0' COMMENT '删除标志（0代表存在 2代表删除）',
  `create_by` varchar(64) DEFAULT '' COMMENT '创建者',
  `create_time` datetime DEFAULT NULL COMMENT '创建时间',
  `update_by` varchar(64) DEFAULT '' COMMENT '更新者',
  `update_time` datetime DEFAULT NULL COMMENT '更新时间',
  `remark` varchar(500) DEFAULT NULL COMMENT '备注',
  PRIMARY KEY (`role_id`)
) ENGINE=InnoDB AUTO_INCREMENT=100 DEFAULT CHARSET=utf8mb4 COLLATE=utf8mb4_0900_ai_ci COMMENT='角色信息表';
/*!40101 SET character_set_client = @saved_cs_client */;

--
-- Dumping data for table `sys_role`
--

LOCK TABLES `sys_role` WRITE;
/*!40000 ALTER TABLE `sys_role` DISABLE KEYS */;
INSERT INTO `sys_role` VALUES (1,'超级管理员','admin',1,'1',1,1,'0','0','admin','2025-03-02 10:34:17','',NULL,'超级管理员'),(2,'普通角色','common',2,'2',1,1,'0','0','admin','2025-03-02 10:34:17','',NULL,'普通角色');
/*!40000 ALTER TABLE `sys_role` ENABLE KEYS */;
UNLOCK TABLES;

--
-- Table structure for table `sys_role_dept`
--

DROP TABLE IF EXISTS `sys_role_dept`;
/*!40101 SET @saved_cs_client     = @@character_set_client */;
/*!50503 SET character_set_client = utf8mb4 */;
CREATE TABLE `sys_role_dept` (
  `role_id` bigint NOT NULL COMMENT '角色ID',
  `dept_id` bigint NOT NULL COMMENT '部门ID',
  PRIMARY KEY (`role_id`,`dept_id`)
) ENGINE=InnoDB DEFAULT CHARSET=utf8mb4 COLLATE=utf8mb4_0900_ai_ci COMMENT='角色和部门关联表';
/*!40101 SET character_set_client = @saved_cs_client */;

--
-- Dumping data for table `sys_role_dept`
--

LOCK TABLES `sys_role_dept` WRITE;
/*!40000 ALTER TABLE `sys_role_dept` DISABLE KEYS */;
INSERT INTO `sys_role_dept` VALUES (2,100),(2,101),(2,105);
/*!40000 ALTER TABLE `sys_role_dept` ENABLE KEYS */;
UNLOCK TABLES;

--
-- Table structure for table `sys_role_menu`
--

DROP TABLE IF EXISTS `sys_role_menu`;
/*!40101 SET @saved_cs_client     = @@character_set_client */;
/*!50503 SET character_set_client = utf8mb4 */;
CREATE TABLE `sys_role_menu` (
  `role_id` bigint NOT NULL COMMENT '角色ID',
  `menu_id` bigint NOT NULL COMMENT '菜单ID',
  PRIMARY KEY (`role_id`,`menu_id`)
) ENGINE=InnoDB DEFAULT CHARSET=utf8mb4 COLLATE=utf8mb4_0900_ai_ci COMMENT='角色和菜单关联表';
/*!40101 SET character_set_client = @saved_cs_client */;

--
-- Dumping data for table `sys_role_menu`
--

LOCK TABLES `sys_role_menu` WRITE;
/*!40000 ALTER TABLE `sys_role_menu` DISABLE KEYS */;
INSERT INTO `sys_role_menu` VALUES (2,1),(2,2),(2,3),(2,4),(2,100),(2,101),(2,102),(2,103),(2,104),(2,105),(2,106),(2,107),(2,108),(2,109),(2,110),(2,111),(2,112),(2,113),(2,114),(2,115),(2,116),(2,117),(2,500),(2,501),(2,1000),(2,1001),(2,1002),(2,1003),(2,1004),(2,1005),(2,1006),(2,1007),(2,1008),(2,1009),(2,1010),(2,1011),(2,1012),(2,1013),(2,1014),(2,1015),(2,1016),(2,1017),(2,1018),(2,1019),(2,1020),(2,1021),(2,1022),(2,1023),(2,1024),(2,1025),(2,1026),(2,1027),(2,1028),(2,1029),(2,1030),(2,1031),(2,1032),(2,1033),(2,1034),(2,1035),(2,1036),(2,1037),(2,1038),(2,1039),(2,1040),(2,1041),(2,1042),(2,1043),(2,1044),(2,1045),(2,1046),(2,1047),(2,1048),(2,1049),(2,1050),(2,1051),(2,1052),(2,1053),(2,1054),(2,1055),(2,1056),(2,1057),(2,1058),(2,1059),(2,1060);
/*!40000 ALTER TABLE `sys_role_menu` ENABLE KEYS */;
UNLOCK TABLES;

--
-- Table structure for table `sys_user`
--

DROP TABLE IF EXISTS `sys_user`;
/*!40101 SET @saved_cs_client     = @@character_set_client */;
/*!50503 SET character_set_client = utf8mb4 */;
CREATE TABLE `sys_user` (
  `user_id` bigint NOT NULL AUTO_INCREMENT COMMENT '用户ID',
  `dept_id` bigint DEFAULT NULL COMMENT '部门ID',
  `user_name` varchar(30) NOT NULL COMMENT '用户账号',
  `nick_name` varchar(30) NOT NULL COMMENT '用户昵称',
  `user_type` varchar(2) DEFAULT '00' COMMENT '用户类型（00系统用户）',
  `email` varchar(50) DEFAULT '' COMMENT '用户邮箱',
  `phonenumber` varchar(11) DEFAULT '' COMMENT '手机号码',
  `sex` char(1) DEFAULT '0' COMMENT '用户性别（0男 1女 2未知）',
  `avatar` varchar(100) DEFAULT '' COMMENT '头像地址',
  `password` varchar(100) DEFAULT '' COMMENT '密码',
  `status` char(1) DEFAULT '0' COMMENT '帐号状态（0正常 1停用）',
  `del_flag` char(1) DEFAULT '0' COMMENT '删除标志（0代表存在 2代表删除）',
  `login_ip` varchar(128) DEFAULT '' COMMENT '最后登录IP',
  `login_date` datetime DEFAULT NULL COMMENT '最后登录时间',
  `create_by` varchar(64) DEFAULT '' COMMENT '创建者',
  `create_time` datetime DEFAULT NULL COMMENT '创建时间',
  `update_by` varchar(64) DEFAULT '' COMMENT '更新者',
  `update_time` datetime DEFAULT NULL COMMENT '更新时间',
  `remark` varchar(500) DEFAULT NULL COMMENT '备注',
  PRIMARY KEY (`user_id`)
) ENGINE=InnoDB AUTO_INCREMENT=102 DEFAULT CHARSET=utf8mb4 COLLATE=utf8mb4_0900_ai_ci COMMENT='用户信息表';
/*!40101 SET character_set_client = @saved_cs_client */;

--
-- Dumping data for table `sys_user`
--

LOCK TABLES `sys_user` WRITE;
/*!40000 ALTER TABLE `sys_user` DISABLE KEYS */;
INSERT INTO `sys_user` VALUES (1,103,'admin','超级管理员','00','niangao@163.com','15888888888','1','','$2a$10$7JB720yubVSZvUI0rEqK/.VqGOZTH.ulu33dHOiBE8ByOhJIrdAu2','0','0','127.0.0.1','2025-03-29 08:00:53','admin','2025-03-02 10:34:17','',NULL,'管理员'),(2,105,'niangao','年糕','00','niangao@qq.com','15666666666','1','','$2a$10$7JB720yubVSZvUI0rEqK/.VqGOZTH.ulu33dHOiBE8ByOhJIrdAu2','0','0','127.0.0.1','2025-03-02 10:34:17','admin','2025-03-02 10:34:17','',NULL,'测试员'),(100,100,'sadaw','妮蝶','00','1237122561@qq.com','19506165427','0','','$2b$12$eVAQYoLWhNXW6USOsW8zLeKzIXiV/CjJD//b/NtV8B9aFuYeZTHiu','0','2','',NULL,'admin','2025-03-05 11:11:00','admin','2025-03-19 18:32:29',NULL),(101,105,'test','测试','00','','19402461822','2','','$2b$12$P9CaI8Iic6FjbuMYYZS.yOJalQaQGcXfZU3Z0EQwcu3caqYf2rN.e','0','0','','2025-03-19 18:36:10','admin','2025-03-19 18:34:30','admin','2025-03-19 18:35:56',NULL);
/*!40000 ALTER TABLE `sys_user` ENABLE KEYS */;
UNLOCK TABLES;

--
-- Table structure for table `sys_user_post`
--

DROP TABLE IF EXISTS `sys_user_post`;
/*!40101 SET @saved_cs_client     = @@character_set_client */;
/*!50503 SET character_set_client = utf8mb4 */;
CREATE TABLE `sys_user_post` (
  `user_id` bigint NOT NULL COMMENT '用户ID',
  `post_id` bigint NOT NULL COMMENT '岗位ID',
  PRIMARY KEY (`user_id`,`post_id`)
) ENGINE=InnoDB DEFAULT CHARSET=utf8mb4 COLLATE=utf8mb4_0900_ai_ci COMMENT='用户与岗位关联表';
/*!40101 SET character_set_client = @saved_cs_client */;

--
-- Dumping data for table `sys_user_post`
--

LOCK TABLES `sys_user_post` WRITE;
/*!40000 ALTER TABLE `sys_user_post` DISABLE KEYS */;
INSERT INTO `sys_user_post` VALUES (1,1),(2,2);
/*!40000 ALTER TABLE `sys_user_post` ENABLE KEYS */;
UNLOCK TABLES;

--
-- Table structure for table `sys_user_role`
--

DROP TABLE IF EXISTS `sys_user_role`;
/*!40101 SET @saved_cs_client     = @@character_set_client */;
/*!50503 SET character_set_client = utf8mb4 */;
CREATE TABLE `sys_user_role` (
  `user_id` bigint NOT NULL COMMENT '用户ID',
  `role_id` bigint NOT NULL COMMENT '角色ID',
  PRIMARY KEY (`user_id`,`role_id`)
) ENGINE=InnoDB DEFAULT CHARSET=utf8mb4 COLLATE=utf8mb4_0900_ai_ci COMMENT='用户和角色关联表';
/*!40101 SET character_set_client = @saved_cs_client */;

--
-- Dumping data for table `sys_user_role`
--

LOCK TABLES `sys_user_role` WRITE;
/*!40000 ALTER TABLE `sys_user_role` DISABLE KEYS */;
INSERT INTO `sys_user_role` VALUES (1,1),(2,2),(101,2);
/*!40000 ALTER TABLE `sys_user_role` ENABLE KEYS */;
UNLOCK TABLES;

--
-- Dumping routines for database 'test'
--
/*!40103 SET TIME_ZONE=@OLD_TIME_ZONE */;

/*!40101 SET SQL_MODE=@OLD_SQL_MODE */;
/*!40014 SET FOREIGN_KEY_CHECKS=@OLD_FOREIGN_KEY_CHECKS */;
/*!40014 SET UNIQUE_CHECKS=@OLD_UNIQUE_CHECKS */;
/*!40101 SET CHARACTER_SET_CLIENT=@OLD_CHARACTER_SET_CLIENT */;
/*!40101 SET CHARACTER_SET_RESULTS=@OLD_CHARACTER_SET_RESULTS */;
/*!40101 SET COLLATION_CONNECTION=@OLD_COLLATION_CONNECTION */;
/*!40111 SET SQL_NOTES=@OLD_SQL_NOTES */;

-- Dump completed on 2025-03-29  8:39:13
